v1_x,v1_y,v1_z,v2_x,v2_y,v2_z,v1_idx,v2_idx
-0.30218,-12.7,-3.3415e-05,-0.50116,-12.498,-3.2535e-05,265,287
-5.6985,-12.897,-1.7484e-05,-5.8974,-12.711,-1.9151e-05,229,249
-5.9741,-16.697,-2.3961e-05,-5.9569,-16.49,-2.3743e-05,2,6
-5.5805,-8.9229,2.95,-5.5856,-8.7015,2.95,6097,6149
-5.1112,-6.6923,-5.9774e-06,-4.9146,-6.4986,-5.7404e-06,1092,1104
-7.2939,-9.4984,-7.6009e-06,-6.8956,-9.2965,-8.3237e-06,703,756
-6.2994,-8.3007,-5.9703e-06,-6.3038,-8.0993,-5.9927e-06,914,934
-11.614,-7.9469,1.3688,-11.588,-7.9382,1.2999,3782,3783
-6.4557,-16.454,0.29963,-6.4512,-16.282,0.68772,2515,2952
-4.1024,-15.305,-1.3707e-05,-3.9009,-15.299,-1.3474e-05,40,41
0.30493,-9.5069,-3.051e-05,0.5085,-9.5212,-2.9763e-05,726,727
-7.1883,-3.5151,2.95,-7.1878,-3.2921,2.95,6872,6900
-6.4493,-6.3118,2.4966,-6.4549,-5.8973,2.6872,4973,5170
0.69329,-7.7022,0.00011202,0.88752,-7.7009,0.00010302,2168,2169
-8.893,-3.2956,2.95,-8.8968,-3.1074,2.95,6891,6919
-6.4493,-3.9003,0.69107,-6.4491,-3.6996,0.69198,3192,3193
-1.506,-10.902,-2.8864e-05,-1.9022,-10.698,-2.7225e-05,473,493
-4.1014,-15.301,2.95,-3.9,-15.296,2.95,5254,5255
-3.5739,-13.031,2.7003,-3.5765,-12.896,2.8923,5015,5452
-3.6941,-15.305,2.95,-3.4993,-15.306,2.95,5256,5257
-3.3069,-3.5014,-1.4159e-05,-3.3038,-3.6599,1.6535e-07,1361,2309
-5.5104,-3.7108,-2.0205e-05,-5.5133,-3.5017,-2.7621e-05,1330,1350
-6.2988,-2.7032,-3.4325e-05,-6.2971,-2.6603,2.0953e-06,1435,2384
-5.0978,-10.495,-1.691e-05,-4.92,-10.502,-1.9883e-05,502,503
-1.302,-11.897,-2.9911e-05,-0.83177,-11.875,0.040839,353,1638
-8.0992,-9.4977,-7.1561e-06,-7.6948,-9.2997,-7.6606e-06,699,752
-4.5055,-15.282,-1.4271e-05,-4.3043,-15.292,-1.5612e-05,38,39
-3.3005,-3.4921,5.1612e-07,-3.1778,-3.4677,6.1989e-07,2326,2327
-3.501,-4.1044,-1.8815e-05,-3.3636,-4.0903,-1.9947e-05,1302,1303
-6.4463,-0.31348,0.10009,-6.4501,-0.32176,0.69117,2513,3221
-10.295,-9.707,-2.5238e-05,-10.098,-9.6979,-2.565e-05,628,629
-8.5004,-1.701,-2.2587e-05,-8.3019,-1.6976,-2.3284e-05,1546,1547
-2.3034,-7.303,-8.9878e-06,-2.1033,-7.3027,-8.901e-06,1012,1013
-11.883,-9.9555,1.9034,-11.882,-9.9555,2.1021,4315,4503
-6.2982,-3.3028,-3.3724e-05,-6.2995,-3.3118,7.2067e-07,1368,2329
-6.2465,-16.644,-2.319e-05,-6.0982,-16.698,-2.1572e-05,0,1
1.0879,-7.4841,8.7741e-05,1.2952,-7.4967,0.00010556,2197,2198
-2.7007,-9.1002,4.7451e-05,-2.5019,-9.0998,4.6929e-05,1897,1898
-1.3021,-9.6977,-2.6481e-05,-1.1031,-9.6977,-2.7025e-05,661,662
-4.3065,-7.4081,2.95,-4.0666,-7.4149,2.95,6421,6422
1.6904,-9.4991,0.0001087,1.8961,-9.4984,0.00010365,1833,1834
-1.9075,-9.1082,-2.3264e-05,-1.7075,-9.1265,-2.3845e-05,809,810
-0.29792,-7.4976,2.95,-0.099328,-7.5007,2.95,6441,6442
-11.881,-9.9326,-2.0591e-05,-11.686,-9.9181,-2.0758e-05,553,554
-3.9009,-15.299,-1.3474e-05,-3.7046,-15.298,-1.2115e-05,41,42
-1.3082,-7.3018,2.95,-1.1097,-7.3019,2.95,6481,6482
-4.7007,-4.896,-2.5526e-06,-4.5005,-4.8958,-2.5296e-06,1233,1234
-4.9342,-9.581,2.95,-4.6951,-9.5888,2.95,5933,5934
0.49921,-7.4905,2.95,0.69727,-7.4816,2.95,6445,6446
2.8888,-9.915,2.95,3.0972,-9.938,2.95,5841,5842
-3.18,-15.137,-2.7442e-05,-3.2848,-14.897,-1.9247e-05,63,80
-3.6207,-10.094,0.78841,-3.5385,-10.047,0.68487,3025,3026
-2.7014,-10.496,-2.4332e-05,-2.7035,-10.297,-2.3894e-05,511,528
-4.4942,-3.6482,1.6764e-07,-4.5003,-3.5067,4.2915e-07,2303,2320
-2.103,-9.6971,-2.412e-05,-1.9034,-9.6974,-2.4681e-05,657,658
-7.2951,-9.9567,2.2859,-7.0952,-9.9568,2.2835,4717,4718
-5.4969,-15.616,2.95,-5.2968,-15.61,2.95,5229,5230
-8.49,-9.5005,7.2161e-07,-8.3178,-9.5004,1.8951e-07,1809,1810
-7.6929,-9.4995,-7.2899e-06,-7.493,-9.499,-7.4678e-06,701,702
-4.0874,-3.6921,6.8775e-08,-3.9106,-3.6852,8.1129e-08,2305,2306
1.6912,-9.6985,0.00010902,1.8962,-9.7002,0.00010554,1789,1790
0.31394,-7.2851,-3.565e-06,0.49095,-7.308,-2.7242e-06,1025,1026
-0.50315,-7.3029,-8.2511e-06,-0.30096,-7.3018,-8.1736e-06,1021,1022
-6.0982,-16.698,-2.1572e-05,-5.9741,-16.697,-2.3961e-05,1,2
-2.5013,-8.3,4.8215e-05,-2.6999,-8.0999,4.9067e-05,2050,2090
1.2879,-9.0989,0.00010873,1.481,-9.1002,0.00010798,1917,1918
3.4282,-10.205,0.92209,3.4282,-10.206,1.1026,3295,3535
-10.691,-7.981,2.95,-10.504,-7.9889,2.95,6329,6330
-3.5336,-10.05,1.8899,-3.5725,-10.297,2.3002,4287,4655
2.676,-9.7913,-3.5286e-05,2.4841,-9.6992,0.00011528,681,1793
-1.7066,-7.881,-8.6462e-06,-1.5083,-7.8629,-8.5874e-06,953,954
-3.2812,-2.3073,1.0878e-06,-3.0999,-2.3035,1.3354e-06,2437,2438
0.88752,-7.7009,0.00010302,1.0907,-7.6995,0.00011091,2169,2170
-2.5025,-7.3035,2.9501,-2.3025,-7.3008,2.9501,6475,6476
-8.4952,-1.69,2.95,-8.2982,-1.6894,2.95,7115,7116
0.77153,-8.8322,0.83695,0.89406,-8.8877,0.85432,3379,3380
1.7065,-7.4989,2.9501,1.9141,-7.5006,2.9501,6451,6452
-5.502,-3.5201,3.6425e-07,-5.3016,-3.5174,4.1458e-07,2315,2316
-6.2958,-0.90694,2.95,-6.1523,-0.89629,2.95,7155,7156
-0.71615,-8.3011,4.3519e-05,-0.50384,-8.2993,4.296e-05,2059,2060
3.2938,-9.9413,-3.5947e-05,3.4906,-9.9581,-3.7405e-05,619,620
-8.5103,-8.173,2.95,-8.3079,-8.1823,2.95,6291,6292
-7.4423,-1.3586,2.95,-7.2936,-1.3037,2.95,7147,7148
0.49649,-8.499,0.00010759,0.69012,-8.5008,0.00011446,2027,2028
-2.3034,-10.698,-2.601e-05,-2.1031,-10.698,-2.6616e-05,491,492
-8.2858,-9.6983,-9.9462e-06,-8.3137,-9.6995,2.6746e-07,638,1766
2.4616,-9.7138,2.9501,2.7169,-9.7928,2.95,5907,5908
-4.702,-7.4111,2.95,-4.5003,-7.4099,2.95,6419,6420
0.10004,-7.3003,0.00011094,0.2916,-7.2991,0.00011058,2219,2220
3.3153,-9.9544,2.95,3.4941,-9.9764,2.95,5843,5844
-3.664,-10.146,-2.0761e-05,-3.5908,-10.109,-2.0775e-05,539,540
-6.2997,-2.9036,-3.4073e-05,-6.2988,-2.8941,1.565e-06,1413,2365
-9.1018,-8.2991,2.95,-8.9031,-8.299,2.95,6243,6244
-7.2942,-5.0997,2.95,-7.1871,-5.1027,2.95,6691,6692
2.533,-10.012,-3.4556e-05,2.71,-10.033,-3.3878e-05,547,548
-4.8976,-1.7029,2.95,-4.7026,-1.7022,2.95,7131,7132
-6.3075,-9.1126,-7.7063e-06,-6.1959,-9.0994,-6.1989e-06,803,804
0.11059,-9.9072,-2.9707e-05,0.2981,-9.8952,-2.9918e-05,603,604
-7.1886,-4.1036,2.95,-7.1891,-3.9062,2.95,6797,6821
-6.4548,-4.8998,2.7006,-6.4548,-4.6996,2.6995,5179,5180
-3.6656,-6.8651,-9.5229e-06,-3.5906,-6.9023,-9.5046e-06,1083,1084
-6.3019,-0.50473,-4.2015e-05,-6.1902,-0.54297,-1.4648e-05,1595,1596
-4.7034,-15.316,2.95,-4.5043,-15.312,2.95,5251,5252
1.2976,-7.7006,0.00010984,1.5045,-7.7009,0.00010617,2171,2172
-6.4497,-3.3031,0.69024,-6.449,-3.0975,0.69139,3195,3196
-6.4506,-0.32091,2.8855,-6.3037,-0.31091,2.95,7163,7164
-3.7004,-3.6662,1.3784e-07,-3.5006,-3.6636,1.4901e-07,2307,2308
-0.063586,-12.299,1.8998,-0.063585,-12.299,2.1003,4263,4452
-3.5727,-10.498,2.7,-3.5741,-10.699,2.8828,5048,5691
-3.2732,-2.687,1.2124e-06,-3.1034,-2.696,6.2967e-07,2399,2400
1.4929,-7.2954,2.95,1.7017,-7.2892,2.95,6495,6496
-6.4548,-4.0998,2.7,-6.4548,-3.8997,2.6997,5183,5184
2.0991,-9.6996,0.00011879,2.2926,-9.701,9.8582e-05,1791,1792
1.6878,-9.0992,0.00010858,1.8932,-9.1116,9.8769e-05,1919,1920
-6.1002,-1.7051,-3.6715e-05,-5.9285,-1.7113,-3.265e-05,1551,1552
0.10496,-8.2993,0.00011096,0.29572,-8.3004,0.00011052,2063,2064
-3.265,-7.265,-9.3143e-06,-3.1039,-7.3039,-9.2476e-06,1007,1008
-1.0923,-9.7004,4.2246e-05,-0.90583,-9.701,4.1747e-05,1775,1776
-5.0967,-15.604,2.95,-4.9729,-15.6,2.95,5231,5232
-1.1066,-7.6977,4.5511e-05,-0.90429,-7.6987,4.4969e-05,2159,2160
-4.497,-9.5858,2.95,-4.2977,-9.5829,2.95,5935,5936
0.89746,-7.4781,2.9501,1.0979,-7.4756,2.9501,6447,6448
-5.0988,-6.5016,-5.1538e-06,-4.9146,-6.4986,-5.7404e-06,1103,1104
-3.6226,-13.056,0.8709,-3.5753,-13.042,0.94608,3239,3240
-4.3043,-15.292,-1.5612e-05,-4.1024,-15.305,-1.3707e-05,39,40
-8.5067,-8.174,6.2704e-07,-8.3323,-8.1808,1.0837e-07,2087,2088
1.2912,-9.5003,0.0001092,1.4844,-9.5004,0.00010824,1831,1832
-0.69936,-7.4995,2.9501,-0.4958,-7.4928,2.95,6439,6440
0.5085,-9.5212,-2.9763e-05,0.69469,-9.5255,-3.0063e-05,727,728
-0.72226,-11.876,0.10335,-0.59484,-11.999,0.067522,1639,1640
-2.6993,-7.6999,4.9712e-05,-2.5011,-7.6993,4.9192e-05,2151,2152
-1.8963,-11.104,2.95,-1.7036,-11.099,2.95,5655,5656
-5.6962,-10.096,-1.1645e-05,-5.4961,-10.096,-1.1654e-05,535,536
-0.095837,-8.0993,0.00011081,0.10312,-8.0997,0.00011136,2103,2104
-11.474,-9.6991,-3.0831e-05,-11.45,-9.7017,9.4663e-06,622,1750
-7.8247,-4.628,2.95,-7.687,-4.6936,2.95,6727,6728
-6.4492,-4.101,0.69221,-6.4493,-3.9003,0.69107,3191,3192
0.49874,-7.6976,0.00010834,0.69329,-7.7022,0.00011202,2167,2168
-1.0997,-11.699,-3.0015e-05,-0.91229,-11.695,-3.0445e-05,375,376
-3.9,-15.296,2.95,-3.6941,-15.305,2.95,5255,5256
-6.296,-9.2982,-8.7106e-06,-6.146,-9.3345,-1.0956e-05,759,760
0.49995,-9.7,0.00010896,0.6959,-9.7,0.00011629,1783,1784
-6.2465,-16.644,-2.319e-05,-6.4557,-16.454,0.29963,0,2515
-3.2907,-15.295,2.95,-3.1813,-15.117,2.95,5258,5276
-6.4469,-5.687,0.69797,-6.4485,-5.4984,0.69918,3174,3177
-5.9569,-16.49,-2.3743e-05,-6.0946,-16.099,-2.198e-05,6,12
-7.1875,-4.696,2.95,-7.1906,-4.5012,2.95,6731,6752
-1.1097,-7.3019,2.95,-0.88197,-7.3001,2.9501,6482,6483
-2.704,-9.4962,-2.1854e-05,-2.7009,-9.5001,4.6804e-05,711,1811
-7.2936,-1.3037,2.95,-7.1846,-1.3186,2.95,7148,7149
-3.4385,-7.1174,-9.4152e-06,-3.3041,-7.1426,-9.3524e-06,1042,1043
-4.5049,-4.6872,-2.0862e-06,-4.2972,-4.7195,-2.1396e-06,1250,1251
-1.3163,-8.4998,4.4792e-05,-1.1082,-8.5004,4.425e-05,2018,2019
-6.4551,-10.099,1.9002,-6.4551,-10.099,2.0999,4286,4474
-6.4557,-16.282,2.099,-6.4557,-16.282,2.3022,4421,4604
-7.1871,-5.1027,2.95,-7.189,-4.8987,2.95,6692,6711
-1.7137,-10.712,-2.7834e-05,-1.9221,-10.53,-2.6746e-05,494,515
-7.0935,-9.9568,2.1001,-7.0952,-9.9568,2.2835,4527,4718
-3.5728,-10.295,0.49988,-3.5729,-10.295,0.68433,2795,3022
-6.0946,-16.099,-2.198e-05,-5.8982,-15.688,-2.033e-05,12,19
-1.9221,-10.53,-2.6746e-05,-2.3064,-10.301,-2.5035e-05,515,530
-0.26805,-8.3009,9.0969e-05,-0.095689,-8.2999,0.0001106,2061,2062
-7.4951,-9.2997,-7.7605e-06,-7.2964,-9.2983,-8.0368e-06,753,754
-11.31,-8.0979,2.95,-11.104,-8.1009,2.95,6285,6286
-2.9029,-9.9838,2.3664,-2.7046,-9.9838,2.3666,4721,4722
-8.1014,-1.6847,2.95,-7.8891,-1.6929,2.95,7117,7118
2.6958,-7.1262,-6.9737e-06,2.8934,-7.1147,-6.8784e-06,1073,1074
-3.6208,-10.294,0.78866,-3.5729,-10.295,0.68433,3021,3022
-5.4996,-4.9046,-3.0097e-06,-5.3182,-4.9065,-2.9566e-06,1229,1230
-3.5725,-10.297,2.5002,-3.5741,-10.498,2.8828,4858,5707
-6.4488,-8.0843,0.70014,-6.4234,-8.0846,0.89851,3113,3389
-5.2968,-15.61,2.95,-5.0967,-15.604,2.95,5230,5231
-6.4512,-16.282,0.68772,-6.4254,-16.282,0.90207,2952,3222
-3.6958,-12.295,2.95,-3.6979,-12.116,2.95,5513,5537
1.2703,-7.4156,-7.4704e-06,1.0879,-7.4841,8.7741e-05,1002,2197
-6.4557,-16.282,1.4987,-6.4557,-16.282,1.7004,3855,4041
-8.8928,-9.312,-2.7501e-05,-8.6796,-9.5006,1.3825e-06,746,1808
-6.1085,-15.908,2.95,-5.7057,-15.634,2.95,5223,5228
-5.5133,-3.5017,-2.7621e-05,-5.2878,-3.6829,3.8317e-08,1350,2299
-5.3091,-9.309,2.95,-5.5805,-8.9229,2.95,5992,6097
-5.6962,-9.8964,-1.1689e-05,-5.8962,-9.6963,-1.1721e-05,584,650
-8.2931,-9.2992,2.95,-8.2975,-9.0997,2.95,5985,6039
-3.4119,-8.3,2.9501,-3.4161,-8.0754,2.9501,6255,6299
-4.2989,-12.491,-2.7695e-05,-4.2996,-12.282,-2.718e-05,278,301
-3.5742,-11.696,2.8818,-3.5744,-11.492,2.8827,5586,5609
-8.2829,-3.0949,-4.2886e-05,-8.2998,-2.9024,-3.7943e-05,1388,1411
-3.3003,-9.986,1.1,-3.3003,-9.9861,1.3154,3590,3777
-11.883,-9.9555,0.69737,-11.883,-9.9555,0.89782,3054,3325
-6.4254,-16.282,0.90207,-6.4557,-16.282,1.2986,3222,3669
-5.8994,-3.5031,-3.2701e-05,-5.703,-3.4992,-3.1365e-05,1348,1349
3.1009,-10.076,-3.4988e-05,3.0971,-9.9305,-3.5073e-05,550,618
-3.5387,-10.048,0.49989,-3.5385,-10.047,0.68487,2798,3026
2.71,-10.033,-3.3878e-05,2.9066,-10.051,-3.5133e-05,548,549
-6.4551,-10.099,2.0999,-6.4399,-9.6984,2.3746,4474,4731
-6.2539,-16.653,2.95,-6.4508,-16.456,2.8879,5209,5211
1.2308,-8.3695,0.29461,1.044,-8.5904,0.59612,2639,2858
-6.4496,-4.5009,0.69079,-6.4492,-4.101,0.69221,3189,3191
-2.3034,-7.303,-8.9878e-06,-2.4953,-7.3062,4.9816e-05,1012,2206
-6.4969,-8.4999,-5.2561e-06,-6.4755,-8.3306,-5.3644e-06,894,913
-2.1057,-9.2998,4.5552e-05,-2.3032,-9.1002,4.6412e-05,1857,1899
-3.577,-4.8858,-6.8671e-06,-3.6885,-4.7087,-6.4188e-06,1239,1254
-6.4482,-8.2615,0.10018,-6.4551,-8.0844,0.50048,2049,2859
-3.7018,-5.3049,2.95,-3.7026,-5.0956,2.95,6688,6707
-5.8982,-15.688,-2.033e-05,-5.2983,-15.305,-1.5114e-05,19,34
-6.4546,-0.522,1.4988,-6.4546,-0.52408,1.7001,4040,4230
-3.9005,-4.7162,-2.1213e-06,-3.6885,-4.7087,-6.4188e-06,1253,1254
1.9039,-7.5004,0.00010537,2.1084,-7.5012,0.00011318,2201,2202
-6.2539,-16.653,2.95,-6.094,-16.692,2.95,5209,5210
0.8932,-9.5013,0.00010555,1.0984,-9.4992,0.00011329,1829,1830
-4.2964,-3.9007,-2.1996e-05,-4.0995,-3.9026,-2.2381e-05,1317,1318
-4.7045,-15.286,-1.4676e-05,-4.5055,-15.282,-1.4271e-05,37,38
-6.4399,-9.6984,2.3746,-6.4551,-9.4976,2.5006,4731,4920
-2.7028,-10.097,-2.3387e-05,-2.9038,-9.6962,-2.181e-05,544,653
-3.3009,-9.9863,1.8937,-3.3016,-9.9865,2.0997,4340,4528
-7.0935,-9.9568,1.0998,-7.0936,-9.9568,1.3003,3589,3776
-5.6988,-4.906,-2.9647e-06,-5.4996,-4.9046,-3.0097e-06,1228,1229
-1.3152,-7.9001,4.5755e-05,-1.1066,-7.6977,4.5511e-05,2131,2159
-0.50574,-7.6742,-8.2219e-06,-0.50441,-7.6995,4.393e-05,973,2162
-4.0997,-10.294,-2.2057e-05,-4.0105,-10.2,-2.1756e-05,523,537
-0.81726,-12.915,1.9024,-0.7015,-12.939,2.1007,4250,4440
-4.2977,-9.5829,2.95,-4.0764,-9.5773,2.95,5936,5937
-5.3182,-4.9065,-2.9566e-06,-5.1002,-4.9021,-2.5992e-06,1230,1231
-10.896,-9.8773,-2.4991e-05,-10.696,-9.725,-2.6049e-05,558,626
1.0979,-7.4756,2.9501,1.2838,-7.4867,2.9501,6448,6449
-2.3024,-7.9,4.8346e-05,-2.1046,-7.9001,4.7833e-05,2126,2127
-3.5775,-13.061,2.9052,-3.6777,-12.895,2.95,5436,5451
3.0926,-10.064,2.3562,3.0902,-9.9861,2.3656,4691,4729
-4.1007,-4.9077,-2.5233e-06,-4.2972,-4.7195,-2.1396e-06,1236,1251
-0.063439,-12.704,0.10433,-0.063435,-12.704,0.30488,1626,2541
-6.0971,-16.095,2.95,-6.1085,-15.908,2.95,5220,5223
-6.4557,-16.282,2.3022,-6.4557,-16.283,2.6977,4604,4998
-6.4557,-16.282,1.2986,-6.4557,-16.282,1.4987,3669,3855
-3.1813,-15.117,2.95,-3.2838,-14.898,2.95,5276,5293
-3.5744,-11.492,2.8827,-3.5742,-11.097,2.8828,5609,5654
1.2879,-9.0989,0.00010873,1.0935,-8.9355,0.00010982,1917,1959
-2.5036,-7.5014,2.9501,-2.1034,-7.5012,2.9501,6430,6432
-1.5024,-7.3021,-8.6003e-06,-1.5111,-7.3002,4.7246e-05,1016,2211
-6.4547,-3.5042,2.7006,-6.4547,-3.3031,2.6991,5186,5187
-3.4218,-8.9367,2.9501,-3.4106,-8.6948,2.9501,6098,6150
-5.6986,-5.3065,-3.5032e-06,-5.6985,-5.1078,-3.2468e-06,1196,1212
-1.4713,-12.073,-2.9747e-05,-1.302,-11.897,-2.9911e-05,329,353
-5.0979,-3.4943,-3.0211e-05,-5.0991,-3.5162,3.8354e-07,1352,2317
-3.5727,-10.498,2.4994,-3.5727,-10.498,2.7,4856,5048
-1.103,-9.2969,-2.6019e-05,-1.0918,-9.3014,4.2887e-05,770,1862
-0.53834,-11.541,0.049032,-0.55222,-11.534,0.35204,1649,2562
2.2874,-9.9907,0.29958,2.2873,-9.9908,0.49932,2632,2853
-8.7233,-9.7001,-2.1283e-05,-8.6824,-9.701,1.4624e-06,636,1764
0.89406,-8.8877,0.85432,1.1067,-8.8929,0.86778,3380,3381
-7.4414,-5.0515,2.95,-7.2942,-5.0997,2.95,6690,6691
-3.303,-9.8935,-2.1089e-05,-3.2619,-9.7378,-2.0818e-05,586,651
-2.5015,-8.5001,4.7891e-05,-2.3028,-8.4999,4.7379e-05,2012,2013
-5.2983,-15.305,-1.5114e-05,-5.0978,-15.299,-1.4905e-05,34,35
-2.2226,-11.221,-2.7493e-05,-2.0895,-11.289,-2.8085e-05,418,419
-8.2294,-8.1855,-2.3842e-07,-8.1142,-8.1912,-5.0664e-07,930,931
-3.2619,-9.7378,-2.0818e-05,-3.3002,-9.986,0.29986,651,2630
-4.5003,-7.4099,2.95,-4.3065,-7.4081,2.95,6420,6421
-3.6207,-10.094,0.78841,-3.622,-10.093,0.86349,3025,3296
-5.0978,-15.299,-1.4905e-05,-4.7045,-15.286,-1.4676e-05,35,37
-1.5053,-7.5017,2.95,-1.109,-7.502,2.95,6435,6437
3.4282,-10.206,1.6961,3.4282,-10.206,1.8986,4095,4285
-6.4494,-5.9002,0.69235,-6.4231,-6.3018,0.90306,3171,3441
-3.3002,-9.986,0.29986,-3.3002,-9.9859,0.49959,2630,2851
-7.9012,-8.7008,-1.085e-06,-7.705,-8.7002,-1.6538e-06,862,863
-3.4838,-13.905,-1.8244e-05,-3.3923,-13.951,-8.5036e-06,161,162
-8.103,-8.703,-5.1512e-07,-7.9012,-8.7008,-1.085e-06,861,862
-4.0764,-9.5773,2.95,-3.6927,-9.3074,2.95,5937,5993
-2.5032,-10.097,-2.3963e-05,-2.3667,-10.11,-2.4369e-05,545,546
0.099297,-9.4993,0.00011411,0.30058,-9.4999,0.00011138,1825,1826
-1.5117,-8.5003,4.5308e-05,-1.3163,-8.4998,4.4792e-05,2017,2018
-11.882,-9.9555,2.1021,-11.875,-9.9555,2.5003,4503,4894
-0.30096,-7.3018,-8.1736e-06,-0.27082,-7.2997,9.0878e-05,1022,2217
-8.8986,-9.6981,-2.3544e-05,-9.0823,-9.7002,2.6615e-06,635,1762
-11.104,-8.1009,2.95,-10.882,-8.0987,2.95,6286,6287
-10.896,-9.8773,-2.4991e-05,-11.084,-9.7195,-2.8307e-05,558,624
-10.098,-9.6979,-2.565e-05,-9.8964,-9.6986,-2.5602e-05,629,630
-6.4234,-8.0846,0.89851,-6.4551,-8.0869,1.3101,3389,3781
-3.4993,-15.306,2.95,-3.2907,-15.295,2.95,5257,5258
-4.8991,-3.5029,-3.0189e-05,-4.7018,-3.5012,-3.0189e-05,1353,1354
2.0996,-7.2806,8.0839e-05,2.2978,-7.2883,8.9586e-05,2229,2230
-10.696,-9.725,-2.6049e-05,-10.699,-9.6894,7.2947e-06,626,1754
-5.0979,-3.4943,-3.0211e-05,-4.8991,-3.5029,-3.0189e-05,1352,1353
-10.508,-9.1013,-3.0948e-05,-10.666,-9.0957,7.1228e-06,783,1884
-4.9005,-2.4872,-3.1141e-05,-4.8986,-2.3349,2.8563e-06,1463,2429
-9.0963,-9.6986,-2.3266e-05,-9.0823,-9.7002,2.6615e-06,634,1762
-3.702,-6.5041,2.95,-3.7018,-6.3053,2.95,6592,6608
-8.8928,-9.312,-2.7501e-05,-8.899,-9.0993,-3.067e-05,746,791
3.4282,-10.206,1.8986,3.4282,-10.206,2.1011,4285,4473
-1.3112,-9.1623,-2.5081e-05,-1.3024,-9.1005,4.3771e-05,812,1904
1.8979,-7.2832,7.1983e-05,2.0996,-7.2806,8.0839e-05,2228,2229
-4.7018,-3.5012,-3.0189e-05,-4.5044,-3.509,-3.0209e-05,1354,1355
-2.904,-7.5038,-9.1243e-06,-3.1039,-7.3039,-9.2476e-06,981,1008
-3.7021,-10.895,2.95,-3.7022,-10.694,2.95,5674,5690
-3.6979,-12.116,2.95,-3.7019,-11.898,2.95,5537,5561
-3.2838,-14.898,2.95,-3.5009,-14.503,2.95,5293,5325
-6.4557,-16.282,1.7004,-6.4557,-16.282,2.099,4041,4421
-0.23333,-11.762,0.81823,-0.17219,-11.777,0.83109,3272,3273
-1.7036,-11.099,2.95,-1.5033,-11.098,2.95,5656,5657
-6.4549,-5.4979,2.6963,-6.4549,-5.296,2.6936,5174,5176
-3.5017,-14.487,-1.3817e-05,-3.3797,-14.118,-2.0856e-05,112,145
-6.4399,-9.0985,2.3745,-6.4398,-8.9218,2.3745,4732,4733
1.5045,-7.7009,0.00010617,1.6957,-7.7004,0.00010216,2172,2173
-8.2974,-9.5003,2.95,-8.2931,-9.2992,2.95,5924,5985
-2.5019,-9.0998,4.6929e-05,-2.3032,-9.1002,4.6412e-05,1898,1899
-4.5043,-15.312,2.95,-4.3028,-15.306,2.95,5252,5253
-4.2982,-12.9,-1.8433e-05,-4.2989,-12.491,-2.7695e-05,236,278
-8.2702,-4.0759,-5.3574e-05,-8.1325,-3.8982,-5.3634e-05,1286,1305
-2.7038,-7.5037,-9.0899e-06,-2.5011,-7.6993,4.9192e-05,982,2152
-6.4541,-8.0873,1.8937,-6.4551,-8.0842,2.1,4347,4532
-10.882,-8.0987,2.95,-10.691,-7.981,2.95,6287,6329
-0.90338,-9.2987,-2.6647e-05,-0.71637,-9.299,4.1939e-05,771,1864
-7.1902,-1.8954,2.95,-7.1894,-1.6977,2.95,7094,7122
-3.574,-13.031,0.30417,-3.5739,-13.03,0.50131,2533,2749
-8.2702,-4.0759,-5.3574e-05,-8.5,-3.701,-5.6062e-05,1286,1323
-5.4988,-11.297,-1.8246e-05,-5.4989,-11.096,-1.8552e-05,407,432
-6.4557,-16.283,2.6977,-6.4508,-16.456,2.8879,4998,5211
-6.4547,-2.5009,1.0993,-6.4547,-2.5014,1.4998,3650,4023
-3.5725,-10.297,2.3002,-3.5725,-10.297,2.5002,4655,4858
-8.2858,-9.6983,-9.9462e-06,-7.897,-9.4994,-6.9134e-06,638,700
-5.6985,-5.5062,-3.7631e-06,-5.6986,-5.3065,-3.5032e-06,1180,1196
-5.8986,-11.499,-1.9643e-05,-5.8989,-11.098,-1.9783e-05,381,430
-11.374,-7.9468,1.5014,-11.579,-7.939,1.7005,3970,4159
-3.0992,-2.0336,2.8925,-3.5728,-1.7106,2.8866,7081,7138
-3.5753,-13.042,0.94608,-3.5739,-13.031,1.1006,3240,3499
-6.4551,-10.099,1.5,-6.4551,-10.099,1.9002,3909,4286
-7.2964,-9.2983,-8.0368e-06,-7.0958,-9.2973,-8.1355e-06,754,755
-6.4494,-5.9002,0.69235,-6.4469,-5.687,0.69797,3171,3174
-5.1063,-9.5134,2.9501,-4.9342,-9.581,2.95,5932,5933
-4.5005,-4.8958,-2.5296e-06,-4.3031,-4.906,-2.5299e-06,1234,1235
0.29634,-7.4993,2.95,0.49921,-7.4905,2.95,6444,6445
3.0972,-9.938,2.95,3.3153,-9.9544,2.95,5842,5843
-4.4998,-12.285,-2.7426e-05,-4.2996,-12.282,-2.718e-05,300,301
-5.6799,-10.308,-1.488e-05,-5.6962,-10.096,-1.1645e-05,520,535
-7.4929,-9.9565,2.4983,-7.5158,-9.9566,2.6418,4916,5110
-3.8993,-3.8992,-2.253e-05,-4.1003,-3.5038,-3.0212e-05,1319,1357
-5.7057,-15.634,2.95,-5.4969,-15.616,2.95,5228,5229
-5.4979,-6.5046,-5.2399e-06,-5.2979,-6.5043,-5.1991e-06,1101,1102
-1.3025,-9.2993,4.3447e-05,-1.3024,-9.1005,4.3771e-05,1861,1904
-0.097445,-9.5,0.00010891,0.099297,-9.4993,0.00011411,1824,1825
-4.3023,-3.5075,-3.0209e-05,-4.1019,-3.5029,4.7955e-07,1356,2322
-4.7001,-11.101,-2.4754e-05,-4.6994,-10.696,-2.3744e-05,436,483
-4.6999,-6.508,-5.9718e-06,-5.0978,-6.3031,-4.8672e-06,1105,1119
-3.5729,-6.7061,2.8833,-3.5728,-6.5054,2.8832,6577,6593
-0.30152,-9.6983,-2.9403e-05,-0.26452,-9.7012,8.9753e-05,666,1779
1.0984,-9.4992,0.00011329,1.2912,-9.5003,0.0001092,1830,1831
2.2482,-10.003,0.95709,2.2614,-9.9692,0.90511,3322,3376
-6.0959,-1.5129,2.95,-6.2966,-1.0981,2.95,7145,7153
-6.094,-16.692,2.95,-5.9633,-16.472,2.95,5210,5214
-5.9633,-16.472,2.95,-6.0971,-16.095,2.95,5214,5220
-2.2947,-10.036,0.50006,-2.3385,-9.9872,0.49957,2800,2852
-3.6981,-13.703,-1.6192e-05,-4.0996,-13.292,-1.7012e-05,177,205
-2.7798,-2.0113,2.7021,-2.9094,-2.0303,2.89,5198,7082
-3.6777,-12.895,2.95,-3.6845,-12.708,2.95,5451,5469
-2.3032,-9.6968,-2.3545e-05,-2.5016,-9.6995,4.5958e-05,656,1768
-6.3038,-8.0993,-5.9927e-06,-6.1952,-7.804,-5.0068e-06,934,947
-0.17219,-11.777,0.83109,-0.063661,-12.096,1.3013,3273,3703
-8.899,-8.1584,-3.0958e-05,-8.8935,-8.1567,1.9155e-06,928,2085
-3.2848,-14.897,-1.9247e-05,-3.5017,-14.487,-1.3817e-05,80,112
-3.0914,-10.085,-2.2194e-05,-3.1038,-9.896,-2.1707e-05,542,587
-2.8648,-7.6645,-9.1262e-06,-2.7041,-7.7037,-9.0482e-06,961,962
-3.2991,-15.475,-1.0188e-05,-3.7046,-15.298,-1.2115e-05,27,42
-0.90469,-8.2999,4.4029e-05,-0.50469,-8.0993,4.328e-05,2058,2101
-5.2988,-10.496,-1.7851e-05,-5.0978,-10.495,-1.691e-05,501,502
-1.1068,-8.3,4.456e-05,-0.90469,-8.2999,4.4029e-05,2057,2058
-2.1033,-7.3027,-8.901e-06,-1.9034,-7.3028,-8.7827e-06,1013,1014
-3.301,-9.9863,1.7002,-3.3009,-9.9863,1.8937,4150,4340
-3.4838,-13.905,-1.8244e-05,-3.6981,-13.703,-1.6192e-05,161,177
-5.2985,-11.296,-1.7448e-05,-5.2984,-11.099,-1.7647e-05,408,433
0.2971,-7.5001,-7.8369e-06,0.49874,-7.6976,0.00010834,997,2167
-3.5758,-1.9034,2.9016,-3.6973,-1.7115,2.95,7110,7137
-4.0996,-13.292,-1.7012e-05,-4.2982,-12.9,-1.8433e-05,205,236
-4.4998,-12.285,-2.7426e-05,-4.8998,-11.889,-2.6922e-05,300,344
-3.3797,-14.118,-2.0856e-05,-3.3923,-13.951,-8.5036e-06,145,162
-2.4685,-10.872,-2.5949e-05,-2.3034,-10.698,-2.601e-05,468,491
-1.5035,-11.898,2.95,-1.702,-11.697,2.95,5563,5587
-3.7018,-6.3053,2.95,-3.7013,-6.1026,2.95,6608,6624
-3.1749,-15.302,-2.5713e-05,-3.18,-15.137,-2.7442e-05,45,63
-3.2991,-15.475,-1.0188e-05,-3.1749,-15.302,-2.5713e-05,27,45
-1.3102,-7.8446,-8.4648e-06,-1.3026,-7.7022,-8.4996e-06,955,969
3.4941,-9.9764,2.95,3.643,-9.9748,2.95,5844,5845
1.481,-9.1002,0.00010798,1.6878,-9.0992,0.00010858,1918,1919
-3.5039,-4.2812,-1.1697e-05,-3.691,-4.0984,-1.9831e-05,1285,1301
-3.5729,-6.9062,2.8834,-3.5729,-6.7061,2.8833,6561,6577
-8.1124,-9.9299,2.8989,-8.2974,-9.5003,2.95,5791,5924
-5.2988,-10.496,-1.7851e-05,-5.6962,-9.8964,-1.1689e-05,501,584
-8.2937,-2.3007,-3.7821e-05,-8.2945,-2.0986,-2.7189e-05,1476,1499
-10.699,-9.6894,7.2947e-06,-10.543,-9.7081,6.8753e-06,1754,1755
-5.5793,-8.0614,2.95,-5.3739,-7.8275,2.95,6298,6338
-3.6845,-12.708,2.95,-3.6929,-12.496,2.95,5469,5490
-7.493,-9.499,-7.4678e-06,-7.2939,-9.4984,-7.6009e-06,702,703
-4.9222,-7.4146,2.95,-4.702,-7.4111,2.95,6418,6419
-4.5002,-11.098,-2.4503e-05,-4.5002,-10.896,-2.4009e-05,437,462
-3.6822,-4.5044,-5.5392e-06,-3.5039,-4.2812,-1.1697e-05,1269,1285
3.2511,-9.9883,1.099,3.2511,-9.9885,1.3019,3593,3780
-7.4414,-5.0515,2.95,-7.687,-4.6936,2.95,6690,6728
-6.4551,-10.1,1.1016,-6.4551,-10.099,1.3,3536,3723
0.69775,-9.6985,-3.0474e-05,0.89435,-9.7003,0.00010578,671,1785
3.2511,-9.9885,1.3019,3.2511,-9.9884,1.5005,3780,3966
-4.9729,-15.6,2.95,-4.8937,-15.514,2.95,5232,5241
-4.8937,-15.514,2.95,-4.7034,-15.316,2.95,5241,5251
-0.50336,-9.6976,-2.8781e-05,-0.50563,-9.6987,4.0702e-05,665,1778
-6.2995,-1.6907,5.1379e-06,-6.2987,-1.5547,5.8293e-06,2477,2493
1.1067,-8.8929,0.86778,1.2715,-8.6958,0.89181,3381,3385
-8.9031,-8.299,2.95,-8.5103,-8.173,2.95,6244,6291
0.68094,-7.3152,-6.2081e-06,0.7024,-7.2982,5.1174e-05,1027,2222
-1.3032,-9.2979,-2.5427e-05,-1.3112,-9.1623,-2.5081e-05,769,812
-4.8998,-11.889,-2.6922e-05,-4.7007,-11.495,-2.5719e-05,344,387
-0.30218,-12.7,-3.3415e-05,-0.13267,-12.707,-3.383e-05,265,266
-1.1066,-11.143,-2.9206e-05,-0.97645,-11.185,-2.9584e-05,450,451
-3.5729,-10.295,0.96298,-3.5729,-10.295,1.0999,3294,3534
-7.5158,-9.9566,2.6418,-7.7909,-9.9565,2.8032,5110,5793
-10.912,-8.099,7.7097e-06,-10.97,-7.9482,0.29852,2075,2642
0.2981,-9.8952,-2.9918e-05,0.31104,-9.7109,-2.9743e-05,604,669
-4.3028,-15.306,2.95,-4.1014,-15.301,2.95,5253,5254
-7.4932,-8.5022,-2.2666e-06,-7.2916,-8.5001,-2.8909e-06,889,890
-3.5736,-12.895,2.0993,-3.5736,-12.896,2.299,4439,4622
-1.0918,-9.3014,4.2887e-05,-0.90559,-9.3001,4.2403e-05,1862,1863
-3.7019,-11.898,2.95,-3.7018,-11.698,2.95,5561,5585
-5.2984,-11.099,-1.7647e-05,-5.2987,-10.898,-1.7694e-05,433,458
-0.10068,-9.4978,-2.9533e-05,-0.097445,-9.5,0.00010891,724,1824
-5.8986,-11.499,-1.9643e-05,-5.2985,-11.296,-1.7448e-05,381,408
-4.7007,-11.495,-2.5719e-05,-4.7001,-11.101,-2.4754e-05,387,436
-6.8956,-9.2965,-8.3237e-06,-6.6956,-9.2985,-8.3563e-06,756,757
3.2511,-9.9884,2.1005,3.0926,-10.064,2.3562,4531,4691
-7.897,-9.4994,-6.9134e-06,-7.6929,-9.4995,-7.2899e-06,700,701
-3.6998,-11.096,2.95,-3.7021,-10.895,2.95,5653,5674
-5.4979,-6.5046,-5.2399e-06,-5.6994,-6.304,-4.9786e-06,1101,1116
-3.0997,-2.3078,2.95,-3.2765,-2.0349,2.8925,7053,7080
-2.3175,-10.053,0.92947,-2.3395,-9.9877,1.1001,3299,3591
-2.78,-2.0113,1.2996,-2.78,-2.0113,1.4993,3844,4030
-1.7049,-7.3037,2.95,-1.3082,-7.3018,2.95,6479,6481
-5.8989,-11.098,-1.9783e-05,-5.8991,-10.898,-1.9967e-05,430,455
-0.70082,-12.956,0.099957,-0.5024,-12.956,0.30055,1620,2536
-3.7013,-11.499,2.95,-3.7036,-11.296,2.95,5608,5631
-0.90261,-9.6984,-2.7652e-05,-0.71698,-9.6994,4.1289e-05,663,1777
-5.2988,-13.505,-1.802e-05,-5.3014,-13.307,-1.8109e-05,184,199
-2.78,-2.0113,0.50061,-2.9204,-2.0164,0.69031,2941,3206
-3.5742,-11.097,2.8828,-3.5743,-10.899,2.8832,5654,5675
-3.1064,-9.9838,2.367,-2.9029,-9.9838,2.3664,4720,4721
-0.83177,-11.875,0.040839,-0.72226,-11.876,0.10335,1638,1639
-9.001,-2.9878,-6.1274e-05,-8.8121,-2.7875,-6.1274e-05,1407,1430
2.6992,-9.9013,-3.4397e-05,2.8961,-9.9125,-3.4747e-05,616,617
-0.06351,-12.543,0.092026,-0.063498,-12.499,0.31311,1629,2544
-3.7018,-11.698,2.95,-3.7013,-11.499,2.95,5585,5608
0.89937,-7.3032,-7.6581e-06,0.89324,-7.3004,5.0256e-05,1028,2223
-3.1819,-3.4844,2.95,-3.1622,-3.2929,2.95,6890,6918
-6.4488,-2.9019,0.69267,-6.4547,-2.5009,1.0993,3197,3650
-3.5009,-14.503,2.95,-3.3833,-14.12,2.95,5325,5358
-3.3833,-14.12,2.95,-3.398,-13.956,2.95,5358,5375
-3.398,-13.956,2.95,-3.7021,-13.499,2.95,5375,5405
-4.3031,-4.906,-2.5299e-06,-3.9005,-4.7162,-2.1213e-06,1235,1253
-3.7021,-13.499,2.95,-3.5775,-13.061,2.9052,5405,5436
-3.691,-4.0984,-1.9831e-05,-3.8993,-3.8992,-2.253e-05,1301,1319
-5.8962,-9.6963,-1.1721e-05,-6.146,-9.3345,-1.0956e-05,650,760
-4.6994,-10.696,-2.3744e-05,-4.92,-10.502,-1.9883e-05,483,503
0.49819,-9.6981,-3.0034e-05,0.49995,-9.7,0.00010896,670,1783
-11.686,-9.9181,-2.0758e-05,-11.474,-9.6991,-3.0831e-05,554,622
-0.063661,-12.096,1.3013,-0.063661,-12.095,1.6998,3703,4076
2.533,-10.012,-3.4556e-05,2.518,-10.014,0.00011555,547,1690
-5.6986,-11.095,-1.9096e-05,-5.6987,-10.896,-1.9166e-05,431,456
-8.9074,-8.4996,1.9722e-06,-8.9152,-8.2998,1.9819e-06,2008,2045
-5.1776,-7.6231,2.95,-4.9222,-7.4146,2.95,6377,6418
-6.4231,-6.3018,0.90306,-6.455,-6.5006,1.3,3441,3829
-7.8968,-8.9007,-1.0756e-06,-7.4932,-8.5022,-2.2666e-06,832,889
-4.1007,-4.9077,-2.5233e-06,-3.6822,-4.5044,-5.5392e-06,1236,1269
-3.5375,-10.049,1.6975,-3.5336,-10.05,1.8899,4097,4287
-0.063435,-12.704,0.30488,-0.063512,-12.499,0.4995,2541,2760
-0.063585,-12.299,2.1003,-0.063593,-12.303,2.2834,4452,4634
-5.8991,-10.898,-1.9967e-05,-5.2987,-10.898,-1.7694e-05,455,458
-7.1886,-4.3126,2.95,-7.1886,-4.1036,2.95,6774,6797
-3.6929,-12.496,2.95,-3.6958,-12.295,2.95,5490,5513
-6.4546,-0.52413,2.7013,-6.4506,-0.32091,2.8855,5208,7163
-2.3395,-9.9876,2.1003,-2.5002,-9.9838,2.3664,4529,4723
2.3171,-7.6991,2.9501,2.3186,-7.4997,2.9501,6409,6454
-5.6911,-10.502,-1.8831e-05,-5.6799,-10.308,-1.488e-05,499,520
-8.6997,-1.9095,-2.2395e-05,-8.9021,-1.7077,-2.1192e-05,1523,1544
-0.70187,-7.3018,-8.3634e-06,-0.50315,-7.3029,-8.2511e-06,1020,1021
-2.6636,-9.1356,-2.1064e-05,-2.7007,-9.1002,4.7451e-05,805,1897
-3.5736,-12.896,2.299,-3.5739,-13.031,2.7003,4622,5015
-11.875,-9.9555,2.5003,-11.875,-9.9555,2.7008,4894,5088
-6.1065,-1.6881,4.6654e-06,-6.2987,-1.5547,5.8293e-06,2478,2493
-6.4492,-10.098,0.69895,-6.4551,-10.1,1.1016,3024,3536
2.6992,-9.9013,-3.4397e-05,2.676,-9.7913,-3.5286e-05,616,681
-9.2643,-1.695,-1.9848e-05,-9.0971,-1.5503,-2.0099e-05,1542,1565
-6.9021,-9.9567,0.10004,-7.0937,-9.9566,0.29994,1718,2629
-3.7023,-6.9056,2.95,-3.7021,-6.7035,2.95,6560,6576
3.4282,-10.206,1.4936,3.4282,-10.206,1.6961,3908,4095
-6.4551,-10.099,1.3,-6.4551,-10.099,1.5,3723,3909
1.8962,-9.7002,0.00010554,2.0991,-9.6996,0.00011879,1790,1791
-6.4399,-9.0985,2.3745,-6.4551,-9.4976,2.5006,4732,4920
-6.4501,-0.32176,0.69117,-6.4235,-0.32033,0.90011,3221,3481
-8.7233,-9.7001,-2.1283e-05,-8.8842,-9.6951,2.0458e-06,636,1763
-0.70456,-11.499,2.95,-0.91205,-11.31,2.95,5616,5638
-3.7021,-6.7035,2.95,-3.702,-6.5041,2.95,6576,6592
-3.5725,-10.301,1.8914,-3.5727,-10.499,2.2995,4284,4653
1.1022,-7.2992,-7.5926e-06,1.0943,-7.3015,5.1061e-05,1029,2224
-6.4551,-10.098,0.5004,-6.4492,-10.098,0.69895,2797,3024
-6.4828,-9.8486,0.099866,-6.4551,-10.098,0.5004,1719,2797
-3.7036,-11.296,2.95,-3.6998,-11.096,2.95,5631,5653
-1.1066,-11.143,-2.9206e-05,-1.506,-10.902,-2.8864e-05,450,473
-0.089333,-11.912,2.902,-0.50206,-11.699,2.95,5570,5593
-0.71433,-11.489,-3.0486e-05,-0.56899,-11.494,-3.0903e-05,400,401
-6.7213,-9.8491,-7.18e-06,-6.4828,-9.8486,0.099866,579,1719
-6.6956,-9.2985,-8.3563e-06,-6.296,-9.2982,-8.7106e-06,757,759
-3.7022,-10.694,2.95,-3.5741,-10.498,2.8828,5690,5707
-0.90261,-9.6984,-2.7652e-05,-0.90583,-9.701,4.1747e-05,663,1776
-6.4398,-8.9218,2.3745,-6.4551,-8.7004,2.4989,4733,4924
-1.0885,-12.488,-3.1368e-05,-0.70086,-12.497,-3.211e-05,284,286
-3.6953,-1.7141,-3.2083e-05,-3.6973,-1.7211,4.2021e-06,1563,2490
-0.063512,-12.499,0.4995,-0.063512,-12.499,0.89946,2760,3254
-6.4492,-5.0999,0.69199,-6.4492,-4.8994,0.69229,3183,3186
-6.7213,-9.8491,-7.18e-06,-6.9021,-9.9567,0.10004,579,1718
-1.4675,-12.075,2.95,-1.5035,-11.898,2.95,5539,5563
-4.6951,-9.5888,2.95,-4.497,-9.5858,2.95,5934,5935
-5.1063,-9.5134,2.9501,-5.3091,-9.309,2.95,5932,5992
-6.4551,-8.0842,2.1,-6.4517,-8.2761,2.3091,4532,4734
-2.5033,-9.6968,-2.2939e-05,-2.5016,-9.6995,4.5958e-05,655,1768
-3.6927,-9.3074,2.95,-3.4837,-9.106,2.9501,5993,6046
1.044,-8.5904,0.70017,1.0528,-8.5947,0.84511,3112,3388
-8.302,-8.9,2.95,-8.2965,-8.6992,2.95,6091,6143
-7.0937,-9.9566,0.29994,-7.0937,-9.9566,0.4999,2629,2850
-11.883,-9.9555,1.4992,-11.883,-9.9555,1.9034,3938,4315
-9.9022,-8.2967,2.95,-10.304,-8.0992,2.95,6239,6290
-11.032,-7.9591,1.3175,-11.041,-7.9634,1.7006,3784,4161
-3.4837,-9.106,2.9501,-3.4218,-8.9367,2.9501,6046,6098
-6.4235,-0.32033,0.90011,-6.4546,-0.52511,1.3008,3481,3854
-5.5856,-8.7015,2.95,-5.5883,-8.503,2.95,6149,6201
0.69158,-8.7001,0.00011472,0.88622,-8.7016,0.087355,1993,1994
-0.50469,-8.0993,4.328e-05,-0.26886,-8.1006,9.0411e-05,2101,2102
-3.6199,-4.9827,0.86734,-3.5769,-4.994,0.91486,3456,3457
-6.4517,-8.2761,2.3091,-6.4551,-8.7004,2.4989,4734,4924
-7.0937,-9.9566,0.4999,-7.0957,-9.9566,0.70308,2850,3078
-1.1027,-7.3024,-8.5171e-06,-0.90171,-7.3026,-8.4364e-06,1018,1019
-11.021,-7.9649,2.2273,-10.964,-7.9532,2.288,4736,4737
-3.5359,-10.051,1.5092,-3.5375,-10.049,1.6975,3910,4097
-3.3016,-9.9865,2.0997,-3.1064,-9.9838,2.367,4528,4720
-6.4548,-4.3008,2.7001,-6.4548,-4.0998,2.7,5182,5183
-8.0992,-9.4977,-7.1561e-06,-8.3178,-9.5004,1.8951e-07,699,1810
-10.295,-9.707,-2.5238e-05,-10.317,-9.6908,6.1616e-06,628,1756
-3.5711,-5.3058,1.8997,-3.5711,-5.3058,2.0996,4402,4585
-9.0963,-9.6986,-2.3266e-05,-9.2756,-9.7067,3.1627e-06,634,1761
3.2511,-9.9884,1.5005,3.2511,-9.9883,1.6991,3966,4156
-3.4106,-8.6948,2.9501,-3.4107,-8.5001,2.9501,6150,6202
-5.5883,-8.503,2.95,-5.5911,-8.3053,2.95,6201,6254
-5.5911,-8.3053,2.95,-5.5793,-8.0614,2.95,6254,6298
-4.5044,-3.509,-3.0209e-05,-4.2998,-3.6743,8.9407e-08,1355,2304
-7.0957,-9.9566,0.70308,-7.0935,-9.9568,1.0998,3078,3589
-5.7027,-1.686,2.95,-6.0959,-1.5129,2.95,7127,7145
-4.7019,-12.1,-2.7216e-05,-4.5007,-12.098,-2.6968e-05,322,323
-6.0999,-3.504,-3.2426e-05,-6.1007,-3.5297,2.5785e-07,1347,2312
-3.5384,-10.048,1.3005,-3.5359,-10.051,1.5092,3724,3910
-3.301,-9.9863,1.5003,-3.301,-9.9863,1.7002,3963,4150
-2.7046,-9.9838,2.3666,-2.5002,-9.9838,2.3664,4722,4723
-3.9106,-3.6852,8.1129e-08,-3.7004,-3.6662,1.3784e-07,2306,2307
-11.286,-9.7036,-2.9911e-05,-11.314,-9.696,9.0491e-06,623,1751
-8.096,-8.301,-5.5234e-07,-7.9781,-8.1969,-8.9407e-07,911,932
-2.5039,-9.2962,-2.1957e-05,-2.7007,-9.3001,4.713e-05,763,1854
-2.7038,-7.5037,-9.0899e-06,-2.7001,-7.5,5.0035e-05,982,2178
-0.90429,-7.6987,4.4969e-05,-0.71498,-7.6986,4.4512e-05,2160,2161
-2.4147,-11.004,-2.6464e-05,-2.4685,-10.872,-2.5949e-05,443,468
-3.4107,-8.5001,2.9501,-3.4119,-8.3,2.9501,6202,6255
-6.4504,-8.085,1.7001,-6.4541,-8.0873,1.8937,4157,4347
-0.8429,-12.849,-3.2323e-05,-0.89865,-12.694,-3.2012e-05,241,262
-7.2951,-9.9567,2.2859,-7.4929,-9.9565,2.4983,4717,4916
-8.4904,-9.7037,8.0925e-07,-8.3137,-9.6995,2.6746e-07,1765,1766
-6.3116,-0.31316,-5.4358e-05,-6.3175,-0.28955,5.502e-08,1598,2514
-3.622,-10.093,0.86349,-3.5384,-10.048,1.3005,3296,3724
-3.3003,-9.9861,1.3154,-3.301,-9.9863,1.5003,3777,3963
-3.6231,-7.823,2.95,-3.8238,-7.6235,2.95,6339,6378
-6.2958,-0.90694,2.95,-6.3042,-0.69805,2.95,7155,7158
1.0935,-8.9355,0.00010982,0.88622,-8.7016,0.087355,1959,1994
-7.0935,-9.9568,1.9001,-7.0935,-9.9568,2.1001,4339,4527
-2.78,-2.0113,1.4993,-2.78,-2.0113,1.6991,4030,4220
-11.305,-8.299,2.95,-11.31,-8.0979,2.95,6232,6285
-0.4958,-7.4928,2.95,-0.29792,-7.4976,2.95,6440,6441
-11.45,-9.7017,9.4663e-06,-11.314,-9.696,9.0491e-06,1750,1751
-8.0161,-4.4233,2.95,-8.2094,-4.2076,2.95,6747,6768
-0.50384,-8.2993,4.296e-05,-0.26805,-8.3009,9.0969e-05,2060,2061
-2.1034,-7.5012,2.9501,-1.9064,-7.5013,2.95,6432,6433
-3.4161,-8.0754,2.9501,-3.6231,-7.823,2.95,6299,6339
-5.3739,-7.8275,2.95,-5.1776,-7.6231,2.95,6338,6377
-3.5711,-5.1138,1.1,-3.5711,-5.3057,1.5,3649,4022
1.0907,-7.6995,0.00011091,1.2976,-7.7006,0.00010984,2170,2171
-6.4551,-8.0869,1.3101,-6.4504,-8.085,1.7001,3781,4157
-7.0936,-9.9568,1.3003,-7.0935,-9.9568,1.7002,3776,4149
-7.0935,-9.9568,1.7002,-7.0935,-9.9568,1.9001,4149,4339
-0.5263,-11.644,0.11584,-0.73801,-11.852,0.25128,1645,2553
-5.899,-11.696,-1.9539e-05,-5.4991,-11.494,-1.8212e-05,359,383
-1.103,-9.2969,-2.6019e-05,-1.3025,-9.2993,4.3447e-05,770,1861
-8.4997,-9.6981,-1.1506e-05,-8.6824,-9.701,1.4624e-06,637,1764
-8.4997,-9.6981,-1.1506e-05,-8.4904,-9.7037,8.0925e-07,637,1765
-2.3394,-9.9877,1.9003,-2.3395,-9.9876,2.1003,4341,4529
-0.70504,-9.3129,-2.7266e-05,-0.5057,-9.3309,-2.79e-05,772,773
-11.883,-9.9555,0.89782,-11.883,-9.9555,1.0983,3325,3565
-4.3005,-3.7105,-2.6595e-05,-4.5003,-3.5067,4.2915e-07,1336,2320
-11.3,-8.5001,2.95,-11.305,-8.299,2.95,6180,6232
-11.296,-8.7012,2.95,-11.3,-8.5001,2.95,6128,6180
-3.5765,-12.896,2.8923,-3.576,-12.498,2.8797,5452,5491
-1.7054,-7.3,4.7748e-05,-1.5111,-7.3002,4.7246e-05,2210,2211
-10.666,-9.0957,7.1228e-06,-10.455,-9.1025,6.4898e-06,1884,1885
0.69469,-9.5255,-3.0063e-05,0.8932,-9.5013,0.00010555,728,1829
-9.2028,-1.8212,2.95,-9.2555,-1.6809,2.95,7083,7111
-5.6994,-6.304,-4.9786e-06,-5.8991,-5.9062,-4.3791e-06,1116,1147
-6.455,-6.5007,1.9001,-6.455,-6.5006,2.2997,4395,4781
-0.70215,-9.697,-2.8213e-05,-0.71698,-9.6994,4.1289e-05,664,1777
-2.9747,-2.6759,2.95,-2.9564,-2.4889,2.95,7001,7028
3.4498,-10.06,2.3001,3.4591,-10.004,2.7021,4693,5087
-3.664,-10.146,-2.0761e-05,-3.5729,-10.295,0.29989,539,2574
-1.9034,-9.6974,-2.4681e-05,-1.7031,-9.6976,-2.5272e-05,658,659
-1.7137,-10.712,-2.7834e-05,-2.1022,-10.498,-2.612e-05,494,514
3.4906,-9.9581,-3.7405e-05,3.6851,-9.9749,-3.9171e-05,620,621
3.0971,-9.9305,-3.5073e-05,3.2938,-9.9413,-3.5947e-05,618,619
-3.3039,-7.3045,2.95,-3.7023,-6.9056,2.95,6471,6560
-6.1002,-1.7051,-3.6715e-05,-6.1065,-1.6881,4.6654e-06,1551,2478
-6.4549,-5.8973,2.6872,-6.4549,-5.6852,2.6985,5170,5172
-3.3108,-9.9799,0.70892,-3.3378,-9.9638,0.8854,3081,3352
-3.3378,-9.9638,0.8854,-3.3003,-9.986,1.1,3352,3590
-2.3394,-9.9876,1.7,-2.3394,-9.9877,1.9003,4151,4341
-6.2966,-1.0981,2.95,-6.1523,-0.89629,2.95,7153,7156
0.89772,-9.6977,-3.0877e-05,0.89435,-9.7003,0.00010578,672,1785
2.2926,-9.701,9.8582e-05,2.4841,-9.6992,0.00011528,1792,1793
-11.491,-7.9469,9.4175e-06,-11.324,-7.9479,0.082629,2116,2117
-6.4493,-4.6996,0.69119,-6.4496,-4.5009,0.69079,3188,3189
-2.5036,-7.5014,2.9501,-2.6944,-7.3224,2.95,6430,6474
-7.7025,-8.4971,-1.6778e-06,-7.898,-8.2985,-1.1245e-06,888,912
-3.3039,-7.3045,2.95,-2.6944,-7.3224,2.95,6471,6474
-2.704,-9.4962,-2.1854e-05,-2.5039,-9.2962,-2.1957e-05,711,763
-2.7801,-2.0113,2.5025,-2.7798,-2.0113,2.7021,4987,5198
-3.8238,-7.6235,2.95,-4.0666,-7.4149,2.95,6378,6422
-11.883,-9.9555,1.0983,-11.883,-9.9555,1.4992,3565,3938
-7.1906,-4.5012,2.95,-7.1886,-4.3126,2.95,6752,6774
-6.455,-6.5006,2.2997,-6.4493,-6.3118,2.4966,4781,4973
-6.455,-6.5006,1.4999,-6.455,-6.5007,1.9001,4015,4395
-6.455,-6.5006,1.3,-6.455,-6.5006,1.4999,3829,4015
-6.4551,-8.0844,0.50048,-6.4488,-8.0843,0.70014,2859,3113
-3.1034,-2.696,6.2967e-07,-2.9806,-2.6814,1.5877e-06,2400,2401
-11.285,-9.1004,2.95,-11.291,-8.9023,2.95,6024,6076
-9.9022,-8.2967,2.95,-9.5068,-8.2968,2.95,6239,6241
-3.2765,-2.0349,2.8925,-3.5758,-1.9034,2.9016,7080,7110
-8.1467,-8.3,2.95,-8.3079,-8.1823,2.95,6248,6292
-3.5729,-10.295,0.29989,-3.5387,-10.048,0.49989,2574,2798
-3.3002,-9.9859,0.49959,-3.3108,-9.9799,0.70892,2851,3081
-2.3395,-9.9877,1.5,-2.3394,-9.9876,1.7,3964,4151
-9.8964,-9.6986,-2.5602e-05,-9.8923,-9.7013,5.0068e-06,630,1758
-2.1038,-7.3008,2.9501,-1.7049,-7.3037,2.95,6477,6479
-2.8634,-9.3365,-2.0948e-05,-2.7005,-8.9001,4.7771e-05,761,1940
-8.6983,-1.6928,2.95,-8.4952,-1.69,2.95,7114,7115
-1.3014,-7.302,-8.532e-06,-1.1062,-7.3008,4.6157e-05,1017,2213
0.89547,-8.9137,0.69993,0.77153,-8.8322,0.83695,3109,3379
-1.9064,-7.5013,2.95,-1.5053,-7.5017,2.95,6433,6435
-0.30092,-9.4982,-2.8894e-05,-0.50444,-9.3,4.1334e-05,723,1865
-6.1302,-7.6724,-5.0087e-06,-5.8958,-7.3042,-4.8453e-06,960,1006
-6.4546,-0.52408,1.7001,-6.4546,-0.52402,2.0977,4230,4603
-8.2321,-8.6845,-1.7881e-07,-8.2222,-8.4969,-2.3842e-07,860,885
-8.1124,-9.9299,2.8989,-7.7909,-9.9565,2.8032,5791,5793
1.8932,-9.1116,9.8769e-05,2.2977,-9.1193,9.0255e-05,1920,1922
-6.1952,-7.804,-5.0068e-06,-6.1302,-7.6724,-5.0087e-06,947,960
-5.5122,-13.695,-2.1135e-05,-5.7001,-13.497,-2.0879e-05,168,182
-7.1894,-1.6977,2.95,-7.1874,-1.4993,2.95,7122,7142
-9.4961,-9.6997,-2.5669e-05,-9.6928,-9.6997,4.371e-06,632,1759
-9.306,-9.7105,-2.5006e-05,-9.2756,-9.7067,3.1627e-06,633,1761
-8.8986,-9.6981,-2.3544e-05,-8.8842,-9.6951,2.0458e-06,635,1763
-2.3394,-9.9876,1.3001,-2.3395,-9.9877,1.5,3778,3964
-2.3395,-9.9877,1.1001,-2.3394,-9.9876,1.3001,3591,3778
-8.2975,-9.0997,2.95,-8.302,-8.9,2.95,6039,6091
3.2511,-9.9885,1.9019,3.2511,-9.9884,2.1005,4346,4531
-3.0999,-2.3035,1.3354e-06,-2.9392,-2.2957,1.9308e-06,2438,2439
-0.70552,-7.6919,-8.2771e-06,-0.50574,-7.6742,-8.2219e-06,972,973
-0.5057,-9.3309,-2.79e-05,-0.50444,-9.3,4.1334e-05,773,1865
-3.4938,-2.3139,2.9926e-06,-3.2812,-2.3073,1.0878e-06,2436,2437
1.7017,-7.2892,2.95,2.096,-7.278,2.9501,6496,6498
-3.5709,-1.7091,2.501,-3.7002,-1.519,2.95,4991,7146
-5.699,-11.497,-1.8949e-05,-5.6986,-11.095,-1.9096e-05,382,431
-1.109,-7.502,2.95,-0.69936,-7.4995,2.9501,6437,6439
-9.306,-9.7105,-2.5006e-05,-9.4751,-9.6946,3.7842e-06,633,1760
-4.0105,-10.2,-2.1756e-05,-3.9005,-10.197,-2.1576e-05,537,538
-1.5033,-11.098,2.95,-1.3014,-11.099,2.95,5657,5658
2.2873,-9.9908,0.49932,2.2821,-9.9866,0.69284,2853,3105
-6.4549,-5.6852,2.6985,-6.4549,-5.4979,2.6963,5172,5174
1.6912,-7.2814,-7.3635e-06,1.4983,-7.2928,5.4079e-05,1032,2226
-0.91229,-11.695,-3.0445e-05,-0.82831,-11.707,0.038798,376,1643
-11.286,-9.7036,-2.9911e-05,-11.123,-9.7011,8.552e-06,623,1752
-2.103,-9.6971,-2.412e-05,-2.1055,-9.7001,4.4918e-05,657,1770
-6.2994,-8.3007,-5.9703e-06,-6.4482,-8.2615,0.10018,914,2049
-6.3011,-2.5059,-3.5091e-05,-6.2971,-2.6603,2.0953e-06,1456,2384
-5.9118,-1.5287,-3.0013e-05,-6.1361,-1.1021,-3.8866e-05,1569,1587
2.8996,-10.044,2.3575,2.8882,-9.9854,2.3665,4690,4728
3.2511,-9.9883,1.6991,3.2511,-9.9885,1.9019,4156,4346
-6.1361,-1.1021,-3.8866e-05,-6.1542,-0.90615,-3.6099e-05,1587,1590
-8.4948,-3.7027,2.95,-8.6995,-3.4997,2.95,6838,6864
-9.6954,-9.6988,-2.5706e-05,-9.8923,-9.7013,5.0068e-06,631,1758
-9.6954,-9.6988,-2.5706e-05,-9.6928,-9.6997,4.371e-06,631,1759
-9.4961,-9.6997,-2.5669e-05,-9.4751,-9.6946,3.7842e-06,632,1760
-3.5908,-10.109,-2.0775e-05,-3.4586,-9.9338,-2.0725e-05,540,585
-3.4586,-9.9338,-2.0725e-05,-3.303,-9.8935,-2.1089e-05,585,586
-8.2294,-8.1855,-2.3842e-07,-8.3323,-8.1808,1.0837e-07,930,2088
-2.3106,-9.9749,0.73891,-2.3175,-10.053,0.92947,3082,3299
2.9045,-7.0725,2.703,3.0748,-7.0725,2.7033,5158,5159
-2.5029,-9.8969,-2.3475e-05,-2.3265,-10.056,0.11564,590,1666
-5.9018,-3.663,5.9605e-08,-5.8982,-3.5254,2.8478e-07,2296,2313
-10.504,-7.9889,2.95,-10.351,-7.9964,2.95,6330,6331
-11.487,-8.0971,9.4175e-06,-11.286,-8.0992,8.7917e-06,2072,2073
-2.1051,-8.4999,4.6861e-05,-1.7064,-8.5002,4.5788e-05,2014,2016
-8.7657,-8.1663,-3.0949e-05,-8.7135,-8.1643,1.3328e-06,929,2086
-1.3032,-9.2979,-2.5427e-05,-1.5086,-9.1438,-2.4495e-05,769,811
-0.26886,-8.1006,9.0411e-05,-0.095837,-8.0993,0.00011081,2102,2103
1.0991,-9.6985,-3.1254e-05,1.0979,-9.6989,0.00011293,673,1786
-0.063661,-12.095,2.1005,-0.063603,-12.305,2.5004,4455,4837
-10.492,-9.7179,-2.5563e-05,-10.317,-9.6908,6.1616e-06,627,1756
-2.2989,-10.038,0.69316,-2.3106,-9.9749,0.73891,3028,3082
2.3029,-7.5,0.00010142,2.4942,-7.3013,0.00010828,2203,2231
-11.094,-8.1014,8.1658e-06,-10.912,-8.099,7.7097e-06,2074,2075
-2.504,-7.9036,-8.92e-06,-2.5012,-8.1,4.8542e-05,949,2091
-5.6985,-5.1078,-3.2468e-06,-5.6988,-4.906,-2.9647e-06,1212,1228
2.4616,-9.7138,2.9501,2.3136,-9.2937,2.9501,5907,6023
-0.099328,-7.5007,2.95,0.29634,-7.4993,2.95,6442,6444
-2.2226,-11.221,-2.7493e-05,-2.4147,-11.004,-2.6464e-05,418,443
-6.4549,-5.296,2.6936,-6.4548,-4.8998,2.7006,5176,5179
-8.9013,-8.8995,1.9819e-06,-8.906,-8.6995,1.9819e-06,1936,1973
-2.3385,-9.9872,0.49957,-2.2989,-10.038,0.69316,2852,3028
-2.904,-9.4963,-2.1294e-05,-2.8634,-9.3365,-2.0948e-05,710,761
3.6851,-9.9749,-3.9171e-05,3.4836,-9.9938,0.079266,621,1749
-4.8988,-3.7135,-2.3362e-05,-4.9022,-3.6496,1.1921e-07,1333,2301
-1.9052,-7.8998,-8.6847e-06,-1.9029,-7.8999,4.7293e-05,952,2128
-0.89865,-12.694,-3.2012e-05,-1.0885,-12.488,-3.1368e-05,262,284
1.101,-7.3011,2.95,1.2949,-7.3005,2.95,6493,6494
-10.492,-9.7179,-2.5563e-05,-10.543,-9.7081,6.8753e-06,627,1755
-6.6953,-8.5001,-4.5709e-06,-6.4755,-8.3306,-5.3644e-06,893,913
-5.5122,-13.695,-2.1135e-05,-5.2988,-13.505,-1.802e-05,168,184
-0.063585,-12.3,1.0978,-0.063585,-12.3,1.2991,3513,3700
-6.2995,-1.9051,-3.6292e-05,-6.3006,-1.8844,4.2642e-06,1527,2461
3.4282,-10.206,1.1026,3.4282,-10.206,1.2956,3535,3722
1.8921,-7.2583,-7.3711e-06,1.6946,-7.2849,5.5605e-05,1033,2227
0.89772,-9.6977,-3.0877e-05,1.0979,-9.6989,0.00011293,672,1786
2.32,-8.8984,2.9501,2.3194,-8.2976,2.9501,6127,6284
-3.5743,-10.899,2.8832,-3.5741,-10.699,2.8828,5675,5691
0.69727,-7.4816,2.95,0.89746,-7.4781,2.9501,6446,6447
-3.7013,-6.1026,2.95,-3.7017,-5.9004,2.95,6624,6640
-3.7017,-5.9004,2.95,-3.7016,-5.7034,2.95,6640,6656
-3.7016,-5.7034,2.95,-3.7016,-5.5095,2.95,6656,6672
-8.2979,-2.7012,-3.9112e-05,-8.3008,-2.5023,-3.9131e-05,1433,1454
-5.3001,-1.7083,2.95,-4.8976,-1.7029,2.95,7129,7131
-6.4485,-5.4984,0.69918,-6.4495,-5.2993,0.69173,3177,3180
1.2992,-9.6988,-3.1707e-05,1.484,-9.6998,0.00010994,674,1788
-5.8958,-7.3042,-4.8453e-06,-5.6961,-7.1037,-4.7605e-06,1006,1041
3.4836,-9.9938,0.079266,3.4282,-10.206,0.29704,1749,2575
1.4844,-9.5004,0.00010824,1.6904,-9.4991,0.0001087,1832,1833
-1.3151,-8.3001,4.5116e-05,-1.1068,-8.3,4.456e-05,2056,2057
-5.4983,-6.3053,-4.9142e-06,-5.0978,-6.3031,-4.8672e-06,1117,1119
-1.3026,-7.7022,-8.4996e-06,-1.3141,-7.7004,4.6087e-05,969,2158
-7.2916,-8.5001,-2.8909e-06,-7.0941,-8.4998,-3.4397e-06,890,891
-11.084,-9.7195,-2.8307e-05,-11.123,-9.7011,8.552e-06,624,1752
-0.90171,-7.3026,-8.4364e-06,-0.71396,-7.3002,4.5157e-05,1019,2215
-0.063512,-12.498,1.3008,-0.063585,-12.299,1.4996,3697,3886
-3.7016,-5.5095,2.95,-3.7018,-5.3049,2.95,6672,6688
-0.063585,-12.299,1.4996,-0.063585,-12.3,1.6997,3886,4073
-3.7026,-5.0956,2.95,-3.7001,-4.8764,2.95,6707,6726
-0.50087,-12.956,1.0996,-0.70211,-12.947,1.5005,3502,3874
-2.8978,-10.291,-2.3288e-05,-3.0914,-10.085,-2.2194e-05,527,542
-6.4548,-4.6996,2.6995,-6.4548,-4.3008,2.7001,5180,5182
-6.4495,-5.2993,0.69173,-6.4492,-5.0999,0.69199,3180,3183
-6.4491,-3.6996,0.69198,-6.4491,-3.5028,0.69236,3193,3194
-5.6961,-7.1037,-4.7605e-06,-5.3399,-6.853,-4.895e-06,1041,1082
-8.2965,-8.6992,2.95,-8.1467,-8.3,2.95,6143,6248
-5.2974,-10.302,-1.735e-05,-5.4961,-10.096,-1.1654e-05,522,536
-9.5068,-8.2968,2.95,-9.1018,-8.2991,2.95,6241,6243
-6.4179,-0.30582,-6.0013e-05,-6.4463,-0.31348,0.10009,1597,2513
2.1217,-8.2841,0.00011803,2.3045,-8.1027,0.00010303,2070,2115
3.4591,-10.004,2.7021,3.643,-9.9748,2.95,5087,5845
-11.881,-9.9326,-2.0591e-05,-11.883,-9.9555,0.10275,553,1693
-2.3384,-9.9872,0.30034,-2.2947,-10.036,0.50006,2631,2800
-2.3265,-10.056,0.11564,-2.3384,-9.9872,0.30034,1666,2631
-5.9285,-1.7113,-3.265e-05,-5.9118,-1.5287,-3.0013e-05,1552,1569
1.2838,-7.4867,2.9501,1.7065,-7.4989,2.9501,6449,6451
-3.7001,-4.8764,2.95,-3.6939,-4.5031,2.95,6726,6767
-3.6939,-4.5031,2.95,-3.4987,-4.3,2.95,6767,6790
-2.7001,-7.5,5.0035e-05,-2.4953,-7.3062,4.9816e-05,2178,2206
3.2511,-10.07,0.90256,3.2883,-9.9721,0.87653,3323,3377
-5.4978,-10.895,-1.8483e-05,-5.4989,-10.695,-1.8543e-05,457,479
-6.3001,-3.1028,-3.3529e-05,-6.2997,-2.9036,-3.4073e-05,1390,1413
-5.8986,-5.5075,-3.7636e-06,-5.8991,-5.3077,-3.4941e-06,1179,1195
-5.8991,-5.9062,-4.3791e-06,-5.8986,-5.5075,-3.7636e-06,1147,1179
-8.6995,-3.4997,2.95,-8.893,-3.2956,2.95,6864,6891
-5.3399,-6.853,-4.895e-06,-5.1112,-6.6923,-5.9774e-06,1082,1092
-10.304,-8.0992,2.95,-10.351,-7.9964,2.95,6290,6331
-3.5728,-6.5054,2.8832,-3.5728,-6.3047,2.8834,6593,6609
-11.298,-9.7085,2.95,-11.293,-9.5077,2.95,5846,5909
-3.6222,-10.294,0.86303,-3.5729,-10.295,0.96298,3293,3294
-5.4991,-4.701,-2.7782e-06,-5.3232,-4.6998,-2.5665e-06,1245,1246
-11.883,-9.9555,0.10275,-11.883,-9.9555,0.3032,1693,2605
-1.7031,-9.6976,-2.5272e-05,-1.5128,-9.7004,4.3364e-05,659,1773
-4.8987,-3.5136,3.8201e-07,-4.7007,-3.5093,3.9736e-07,2318,2319
-0.063585,-12.3,1.2991,-0.063661,-12.095,1.6998,3700,4076
-0.10088,-9.6998,-3.0013e-05,-0.26452,-9.7012,8.9753e-05,667,1779
-11.291,-8.9023,2.95,-11.296,-8.7012,2.95,6076,6128
-7.189,-4.8987,2.95,-7.1875,-4.696,2.95,6711,6731
-0.30092,-9.4982,-2.8894e-05,-0.26512,-9.5017,8.9991e-05,723,1823
-7.898,-8.2985,-1.1245e-06,-7.9781,-8.1969,-8.9407e-07,912,932
0.31104,-9.7109,-2.9743e-05,0.49819,-9.6981,-3.0034e-05,669,670
-3.4987,-4.3,2.95,-3.3654,-4.0885,2.95,6790,6814
-6.4548,-3.8997,2.6997,-6.4547,-3.5042,2.7006,5184,5186
-6.4492,-4.8994,0.69229,-6.4493,-4.6996,0.69119,3186,3188
-3.577,-4.8858,-6.8671e-06,-3.5711,-5.1122,0.50825,1239,2921
-5.8991,-5.3077,-3.4941e-06,-5.4991,-4.701,-2.7782e-06,1195,1245
-5.2979,-6.5043,-5.1991e-06,-5.0988,-6.5016,-5.1538e-06,1102,1103
-11.293,-9.5077,2.95,-11.285,-9.1004,2.95,5909,6024
-11.694,-9.9556,2.7011,-11.298,-9.7085,2.95,5089,5846
-1.5017,-11.899,-2.9399e-05,-1.6821,-11.713,-2.897e-05,352,372
-11.883,-9.9555,0.3032,-11.883,-9.9555,0.69737,2605,3054
-1.5025,-9.6978,-2.588e-05,-1.5128,-9.7004,4.3364e-05,660,1773
-1.5025,-9.6978,-2.588e-05,-1.3021,-9.6977,-2.6481e-05,660,661
-1.1031,-9.6977,-2.7025e-05,-1.0923,-9.7004,4.2246e-05,662,1775
-0.70215,-9.697,-2.8213e-05,-0.50563,-9.6987,4.0702e-05,664,1778
-0.50336,-9.6976,-2.8781e-05,-0.30152,-9.6983,-2.9403e-05,665,666
0.11059,-9.9072,-2.9707e-05,-0.097592,-9.6995,0.0001096,603,1780
-0.10088,-9.6998,-3.0013e-05,-0.097592,-9.6995,0.0001096,667,1780
-11.286,-8.0992,8.7917e-06,-11.094,-8.1014,8.1658e-06,2073,2074
2.3136,-9.2937,2.9501,2.3202,-9.1002,2.9501,6023,6075
2.3202,-9.1002,2.9501,2.32,-8.8984,2.9501,6075,6127
2.3194,-8.2976,2.9501,2.319,-7.8986,2.9501,6284,6369
2.319,-7.8986,2.9501,2.3171,-7.6991,2.9501,6369,6409
2.3186,-7.4997,2.9501,2.3068,-7.2778,2.9501,6454,6499
1.9141,-7.5006,2.9501,2.3068,-7.2778,2.9501,6452,6499
-3.3654,-4.0885,2.95,-3.3193,-3.6998,2.95,6814,6862
-8.2321,-8.8994,-1.1921e-07,-8.103,-8.703,-5.1512e-07,830,861
-4.8988,-3.7135,-2.3362e-05,-4.6989,-3.7182,-2.3931e-05,1333,1334
-11.875,-9.9555,2.7008,-11.694,-9.9556,2.7011,5088,5089
-2.3032,-9.6968,-2.3545e-05,-2.1055,-9.7001,4.4918e-05,656,1770
2.2482,-10.003,0.95709,2.2873,-9.9908,1.0997,3322,3592
2.2873,-9.9908,1.0997,2.2873,-9.9909,1.3008,3592,3779
2.2873,-9.9909,1.3008,2.2874,-9.9908,1.499,3779,3965
2.2874,-9.9908,1.499,2.2873,-9.9908,1.7001,3965,4155
2.2873,-9.9908,1.7001,2.2873,-9.9909,1.9012,4155,4345
2.2873,-9.9909,1.9012,2.2873,-9.9907,2.1008,4345,4530
2.2873,-9.9907,2.1008,2.4918,-9.9846,2.3657,4530,4726
2.5245,-10.012,2.3653,2.4918,-9.9846,2.3657,4688,4726
2.5245,-10.012,2.3653,2.6859,-9.9857,2.3661,4688,4727
-2.5012,-8.1,4.8542e-05,-2.5011,-7.9,4.8865e-05,2091,2125
2.8888,-9.915,2.95,2.7169,-9.7928,2.95,5841,5908
-3.1998,-3.62,2.95,-3.1819,-3.4844,2.95,6863,6890
-3.3193,-3.6998,2.95,-3.1998,-3.62,2.95,6862,6863
-5.4991,-11.494,-1.8212e-05,-5.4988,-11.297,-1.8246e-05,383,407
-2.1031,-10.698,-2.6616e-05,-1.9022,-10.698,-2.7225e-05,492,493
-6.4547,-3.3031,2.6991,-6.4547,-2.9021,2.6999,5187,5189
-1.702,-11.697,2.95,-1.896,-11.492,2.95,5587,5610
-5.5104,-3.7108,-2.0205e-05,-5.703,-3.4992,-3.1365e-05,1330,1349
-5.3232,-4.6998,-2.5665e-06,-4.8995,-4.689,-2.1596e-06,1246,1248
-2.8978,-10.291,-2.3288e-05,-2.5029,-9.8969,-2.3475e-05,527,590
-3.5727,-10.297,1.5009,-3.5727,-10.296,1.6999,3907,4094
-3.1038,-9.6962,-2.1194e-05,-2.5033,-9.6968,-2.2939e-05,652,655
0.69775,-9.6985,-3.0474e-05,0.6959,-9.7,0.00011629,671,1784
2.7112,-10.028,2.3573,2.6859,-9.9857,2.3661,4689,4727
2.7112,-10.028,2.3573,2.8882,-9.9854,2.3665,4689,4728
-7.0941,-8.4998,-3.4397e-06,-6.6953,-8.5001,-4.5709e-06,891,893
-3.5913,-10.293,-2.1386e-05,-3.5802,-10.294,0.10246,526,1661
0.097097,-7.5007,-8.0074e-06,0.1008,-7.4999,0.00011159,996,2192
-3.1622,-3.2929,2.95,-3.1147,-2.9029,2.95,6918,6973
-6.4547,-2.5007,2.3008,-6.4547,-2.9021,2.6999,4789,5189
-6.2982,-3.3028,-3.3724e-05,-6.3003,-3.1107,1.1325e-06,1368,2347
-5.8994,-3.5031,-3.2701e-05,-6.1007,-3.5297,2.5785e-07,1348,2312
-4.8995,-4.689,-2.1596e-06,-4.5049,-4.6872,-2.0862e-06,1248,1250
-6.2988,-2.3038,-3.5693e-05,-6.3039,-2.4582,2.5332e-06,1478,2403
-3.1038,-9.896,-2.1707e-05,-3.1038,-9.6962,-2.1194e-05,587,652
1.0991,-9.6985,-3.1254e-05,1.292,-9.7022,0.0001095,673,1787
1.2992,-9.6988,-3.1707e-05,1.292,-9.7022,0.0001095,674,1787
1.4981,-9.6983,-3.2044e-05,1.484,-9.6998,0.00010994,675,1788
2.2821,-9.9866,0.69284,2.2614,-9.9692,0.90511,3105,3376
2.8996,-10.044,2.3575,3.0902,-9.9861,2.3656,4690,4729
-3.1147,-2.9029,2.95,-2.9747,-2.6759,2.95,6973,7001
-8.7657,-8.1663,-3.0949e-05,-8.8935,-8.1567,1.9155e-06,929,2085
1.2831,-8.2677,0.0043378,1.6938,-8.1039,0.00010432,2069,2112
-6.1542,-0.90615,-3.6099e-05,-6.1767,-0.70989,-3.9641e-05,1590,1593
-2.504,-7.9036,-8.92e-06,-2.3024,-7.9,4.8346e-05,949,2126
-6.4547,-2.5006,2.1004,-6.4547,-2.5007,2.3008,4586,4789
-6.4491,-3.5028,0.69236,-6.4497,-3.3031,0.69024,3194,3195
-6.2988,-2.7032,-3.4325e-05,-6.2988,-2.8941,1.565e-06,1435,2365
-6.3001,-3.1028,-3.3529e-05,-6.3003,-3.1107,1.1325e-06,1390,2347
-6.0999,-3.504,-3.2426e-05,-6.2995,-3.3118,7.2067e-07,1347,2329
-4.0995,-3.9026,-2.2381e-05,-3.6956,-3.8981,-2.1741e-05,1318,1320
-5.2878,-3.6829,3.8317e-08,-5.0991,-3.5162,3.8354e-07,2299,2317
1.4981,-9.6983,-3.2044e-05,1.6912,-9.6985,0.00010902,675,1789
2.518,-10.014,0.00011555,2.2874,-9.9907,0.29958,1690,2632
3.4282,-10.206,2.1011,3.4498,-10.06,2.3001,4473,4693
-2.9564,-2.4889,2.95,-3.0997,-2.3078,2.95,7028,7053
-5.7027,-1.686,2.95,-5.3001,-1.7083,2.95,7127,7129
-6.4547,-2.5015,1.7007,-6.4547,-2.5006,2.1004,4213,4586
-0.50003,-11.688,0.45163,-0.53645,-11.565,0.42225,2779,2783
-4.1028,-1.7173,2.95,-3.6973,-1.7115,2.95,7135,7137
-4.7026,-1.7022,2.95,-4.1028,-1.7173,2.95,7132,7135
-6.449,-3.0975,0.69139,-6.4488,-2.9019,0.69267,3196,3197
-11.092,-7.9663,-3.1376e-05,-11.324,-7.9479,0.082629,941,2117
-6.4547,-2.5014,1.4998,-6.4547,-2.5015,1.7007,4023,4213
-6.3004,-2.1027,-3.5331e-05,-6.302,-2.1266,3.2385e-06,1501,2441
-3.5739,-13.03,0.50131,-3.5741,-13.033,0.67484,2749,2970
-6.3011,-2.5059,-3.5091e-05,-6.3039,-2.4582,2.5332e-06,1456,2403
-3.0992,-2.0336,2.8925,-2.9094,-2.0303,2.89,7081,7082
-3.6231,-13.048,0.78965,-3.6226,-13.056,0.8709,2969,3239
-3.5711,-5.3023,2.6918,-3.5728,-5.106,2.8807,5177,6708
-6.303,-2.2974,2.8412e-06,-6.302,-2.1266,3.2385e-06,2422,2441
-4.3023,-3.5075,-3.0209e-05,-4.2998,-3.6743,8.9407e-08,1356,2304
-6.3042,-0.69805,2.95,-6.1884,-0.52277,2.95,7158,7162
-6.4546,-0.52505,2.5032,-6.4546,-0.52413,2.7013,4997,5208
-6.4546,-0.52408,2.3005,-6.4546,-0.52505,2.5032,4806,4997
-6.4546,-0.52402,2.0977,-6.4546,-0.52408,2.3005,4603,4806
-6.2988,-2.3038,-3.5693e-05,-6.303,-2.2974,2.8412e-06,1478,2422
-4.1003,-3.5038,-3.0212e-05,-4.1019,-3.5029,4.7955e-07,1357,2322
2.9066,-10.051,-3.5133e-05,2.8961,-9.9125,-3.4747e-05,549,617
-1.5017,-11.899,-2.9399e-05,-1.0997,-11.699,-3.0015e-05,352,375
3.4282,-10.206,1.2956,3.4282,-10.206,1.4936,3722,3908
-6.1884,-0.52277,2.95,-6.3037,-0.31091,2.95,7162,7164
-6.4546,-0.52511,1.3008,-6.4546,-0.522,1.4988,3854,4040
-6.3014,-1.7083,-3.6365e-05,-6.3006,-1.8844,4.2642e-06,1550,2461
-6.3004,-2.1027,-3.5331e-05,-6.2995,-1.9051,-3.6292e-05,1501,1527
-6.3014,-1.7083,-3.6365e-05,-6.2995,-1.6907,5.1379e-06,1550,2477
3.2511,-10.07,0.90256,3.2511,-9.9883,1.099,3323,3593
-3.5769,-4.994,0.91486,-3.5711,-5.1138,1.1,3457,3649
-1.1082,-8.5004,4.425e-05,-0.71615,-8.3011,4.3519e-05,2019,2059
3.2686,-9.9818,0.72835,3.2883,-9.9721,0.87653,3106,3377
3.2511,-9.9883,0.49898,3.2686,-9.9818,0.72835,2854,3106
3.4282,-10.206,0.70449,3.4282,-10.205,0.92209,3023,3295
-2.9038,-9.6962,-2.181e-05,-2.904,-9.4963,-2.1294e-05,653,710
3.2511,-9.9884,0.30046,3.2511,-9.9883,0.49898,2633,2854
3.4282,-10.207,0.48213,3.4282,-10.206,0.70449,2796,3023
3.4282,-10.206,0.29704,3.4282,-10.207,0.48213,2575,2796
-6.4179,-0.30582,-6.0013e-05,-6.3175,-0.28955,5.502e-08,1597,2514
-6.3019,-0.50473,-4.2015e-05,-6.3116,-0.31316,-5.4358e-05,1595,1598
-6.1767,-0.70989,-3.9641e-05,-6.1902,-0.54297,-1.4648e-05,1593,1596
3.2511,-10.07,0.10092,3.2511,-9.9884,0.30046,1691,2633
-0.82831,-11.707,0.038798,-0.72043,-11.885,0.44127,1643,2772
3.1009,-10.076,-3.4988e-05,3.2511,-10.07,0.10092,550,1691
-5.7001,-13.497,-2.0879e-05,-5.7044,-13.301,-2.1027e-05,182,197
-5.3014,-13.307,-1.8109e-05,-5.6985,-12.897,-1.7484e-05,199,229
-5.7044,-13.301,-2.1027e-05,-5.7026,-13.097,-1.6959e-05,197,213
-5.7026,-13.097,-1.6959e-05,-5.8974,-12.711,-1.9151e-05,213,249
-3.7003,-13.499,-1.6343e-05,-3.5664,-13.306,-1.8689e-05,192,208
-5.8994,-4.1045,-1.653e-05,-5.5082,-3.9078,-1.829e-05,1290,1311
-3.7003,-13.499,-1.6343e-05,-3.9006,-13.293,-1.6869e-05,192,206
-3.5664,-13.306,-1.8689e-05,-3.574,-13.031,0.30417,208,2533
-4.1005,-13.1,-1.7307e-05,-4.1002,-12.9,-1.8044e-05,221,237
-3.9006,-13.293,-1.6869e-05,-4.1005,-13.1,-1.7307e-05,206,221
-4.1002,-12.9,-1.8044e-05,-4.1064,-12.497,-2.7483e-05,237,279
-0.50167,-12.956,0.70026,-0.50087,-12.956,1.0996,2974,3502
-0.5263,-11.644,0.11584,-0.50494,-11.892,0.45439,1645,2773
2.2913,-9.2994,9.8091e-05,2.2977,-9.1193,9.0255e-05,1879,1922
-4.1064,-12.497,-2.7483e-05,-4.5007,-12.098,-2.6968e-05,279,323
-3.6231,-13.048,0.78965,-3.5741,-13.033,0.67484,2969,2970
-1.5024,-7.3021,-8.6003e-06,-1.3149,-7.2999,4.6719e-05,1016,2212
-2.3064,-10.301,-2.5035e-05,-2.3667,-10.11,-2.4369e-05,530,546
-0.50494,-11.892,0.45439,-0.23333,-11.762,0.81823,2773,3272
-4.6999,-11.69,-2.6188e-05,-4.5,-11.295,-2.4994e-05,365,412
-4.7019,-12.1,-2.7216e-05,-4.6999,-11.69,-2.6188e-05,322,365
-3.5739,-13.031,1.1006,-3.5739,-13.03,1.3004,3499,3686
1.044,-8.5904,0.59612,1.044,-8.5904,0.70017,2858,3112
-4.5,-11.295,-2.4994e-05,-4.5002,-11.098,-2.4503e-05,412,437
-3.5739,-13.03,1.3004,-3.5736,-12.895,1.4999,3686,3873
-3.5736,-12.895,1.4999,-3.5736,-12.895,1.7007,3873,4059
-3.5736,-12.895,1.7007,-3.5736,-12.896,1.9003,4059,4249
-4.2999,-10.495,-2.2794e-05,-4.0997,-10.294,-2.2057e-05,506,523
-4.5002,-10.896,-2.4009e-05,-4.7002,-10.494,-2.3275e-05,462,504
-3.5736,-12.896,1.9003,-3.5736,-12.895,2.0993,4249,4439
-3.5762,-12.302,2.8833,-3.5757,-12.102,2.8835,5514,5538
-4.7002,-10.494,-2.3275e-05,-4.2999,-10.495,-2.2794e-05,504,506
-8.3008,-2.5023,-3.9131e-05,-8.2937,-2.3007,-3.7821e-05,1454,1476
-0.70211,-12.947,1.5005,-0.81853,-12.914,1.701,3874,4060
-3.5913,-10.293,-2.1386e-05,-3.9005,-10.197,-2.1576e-05,526,538
-3.576,-12.498,2.8797,-3.5762,-12.302,2.8833,5491,5514
-3.6208,-10.294,0.78866,-3.6222,-10.294,0.86303,3021,3293
-3.5802,-10.294,0.10246,-3.5728,-10.295,0.49988,1661,2795
-3.5757,-12.102,2.8835,-3.5742,-11.696,2.8818,5538,5586
-3.5727,-10.499,2.2995,-3.5727,-10.498,2.4994,4653,4856
-3.5727,-10.296,1.6999,-3.5725,-10.301,1.8914,4094,4284
-3.5729,-10.295,1.0999,-3.5727,-10.297,1.5009,3534,3907
-0.70086,-12.497,-3.211e-05,-0.50116,-12.498,-3.2535e-05,286,287
-0.8429,-12.849,-3.2323e-05,-0.70082,-12.956,0.099957,241,1620
-0.30737,-9.3482,-2.8536e-05,-0.26512,-9.5017,8.9991e-05,774,1823
-6.2948,-8.8989,-5.8634e-06,-6.4969,-8.4999,-5.2561e-06,840,894
-0.5024,-12.956,0.30055,-0.50167,-12.956,0.70026,2536,2974
-0.81853,-12.914,1.701,-0.81726,-12.915,1.9024,4060,4250
-0.13267,-12.707,-3.383e-05,-0.063439,-12.704,0.10433,266,1626
-3.5709,-1.711,1.8974,-3.5709,-1.7091,2.1,4414,4597
-0.063512,-12.499,0.89946,-0.063512,-12.498,1.3008,3254,3697
-0.063585,-12.3,1.6997,-0.063586,-12.299,1.8998,4073,4263
-0.30276,-7.5019,-8.1206e-06,-0.27041,-7.4992,9.1119e-05,994,2190
-0.49792,-12.956,2.4991,-0.49773,-12.956,2.6989,4826,5018
-0.7015,-12.939,2.1007,-0.49792,-12.956,2.4991,4440,4826
-0.49773,-12.956,2.6989,-0.89328,-12.695,2.95,5018,5471
-0.89328,-12.695,2.95,-1.0878,-12.488,2.95,5471,5493
-0.063593,-12.303,2.2834,-0.089333,-11.912,2.902,4634,5570
-5.1001,-3.7042,-2.4344e-05,-5.3016,-3.5174,4.1458e-07,1332,2316
-1.2192,-12.424,2.95,-1.0878,-12.488,2.95,5492,5493
0.89192,-8.8828,0.49588,0.89547,-8.9137,0.69993,2855,3109
-3.62,-4.9828,0.78912,-3.6199,-4.9827,0.86734,3187,3456
-1.4188,-12.202,2.95,-1.4675,-12.075,2.95,5515,5539
-1.2192,-12.424,2.95,-1.4188,-12.202,2.95,5492,5515
-0.50206,-11.699,2.95,-0.70456,-11.499,2.95,5593,5616
-0.91205,-11.31,2.95,-1.1216,-11.126,2.95,5638,5659
-1.3014,-11.099,2.95,-1.1216,-11.126,2.95,5658,5659
-1.896,-11.492,2.95,-1.9022,-11.298,2.95,5610,5633
-1.9022,-11.298,2.95,-1.8963,-11.104,2.95,5633,5655
-1.224,-12.42,-3.0902e-05,-0.89951,-12.501,-3.1841e-05,283,285
-1.4109,-12.211,-3.0816e-05,-1.4713,-12.073,-2.9747e-05,306,329
-1.224,-12.42,-3.0902e-05,-1.4109,-12.211,-3.0816e-05,283,306
-0.55835,-12.055,0.067525,-0.59484,-11.999,0.067522,1635,1640
-0.89951,-12.501,-3.1841e-05,-0.31209,-12.504,-3.3053e-05,285,288
-0.38998,-12.191,-3.0994e-05,-0.55835,-12.055,0.067525,335,1635
-0.31209,-12.504,-3.3053e-05,-0.15113,-12.505,-3.6138e-05,288,289
-0.15113,-12.505,-3.6138e-05,-0.06351,-12.543,0.092026,289,1629
-0.063498,-12.499,0.31311,-0.063513,-12.498,0.69968,2544,2984
-0.063513,-12.498,0.69968,-0.063585,-12.3,1.0978,2984,3513
-0.38998,-12.191,-3.0994e-05,-0.73801,-11.852,0.25128,335,2553
-1.6821,-11.713,-2.897e-05,-1.8952,-11.492,-2.915e-05,372,394
-1.8952,-11.492,-2.915e-05,-2.0895,-11.289,-2.8085e-05,394,419
-0.71433,-11.489,-3.0486e-05,-0.97645,-11.185,-2.9584e-05,400,451
-0.56899,-11.494,-3.0903e-05,-0.53834,-11.541,0.049032,401,1649
-0.72043,-11.885,0.44127,-0.82621,-11.71,0.41209,2772,2777
-0.55222,-11.534,0.35204,-0.53645,-11.565,0.42225,2562,2783
-0.82621,-11.71,0.41209,-0.50003,-11.688,0.45163,2777,2779
-5.899,-11.696,-1.9539e-05,-5.699,-11.497,-1.8949e-05,359,382
-5.4989,-11.096,-1.8552e-05,-5.4978,-10.895,-1.8483e-05,432,457
-5.6987,-10.896,-1.9166e-05,-5.6988,-10.697,-1.9307e-05,456,478
-5.6988,-10.697,-1.9307e-05,-5.6911,-10.502,-1.8831e-05,478,499
-5.4989,-10.695,-1.8543e-05,-5.2974,-10.302,-1.735e-05,479,522
-2.503,-10.697,-2.5405e-05,-2.7014,-10.496,-2.4332e-05,490,511
-1.7064,-8.5002,4.5788e-05,-1.3151,-8.3001,4.5116e-05,2016,2056
-2.503,-10.697,-2.5405e-05,-2.1022,-10.498,-2.612e-05,490,514
-2.7035,-10.297,-2.3894e-05,-2.7028,-10.097,-2.3387e-05,528,544
-2.5032,-10.097,-2.3963e-05,-2.6807,-9.6617,4.6488e-05,545,1767
-2.7033,-9.6966,-2.2389e-05,-2.6807,-9.6617,4.6488e-05,654,1767
-2.7033,-9.6966,-2.2389e-05,-2.7009,-9.5001,4.6804e-05,654,1811
-2.7042,-9.2962,-2.1346e-05,-2.7007,-9.3001,4.713e-05,762,1854
-2.7042,-9.2962,-2.1346e-05,-2.6636,-9.1356,-2.1064e-05,762,805
-2.7005,-8.9001,4.7771e-05,-2.5015,-8.5001,4.7891e-05,1940,2012
-2.3028,-8.4999,4.7379e-05,-1.9037,-8.5,4.6338e-05,2013,2015
-1.9075,-9.1082,-2.3264e-05,-2.1057,-9.2998,4.5552e-05,809,1857
-1.7075,-9.1265,-2.3845e-05,-1.706,-9.0997,4.4833e-05,810,1902
-1.9037,-8.5,4.6338e-05,-1.5117,-8.5003,4.5308e-05,2015,2017
-1.5086,-9.1438,-2.4495e-05,-1.706,-9.0997,4.4833e-05,811,1902
-0.90338,-9.2987,-2.6647e-05,-0.90559,-9.3001,4.2403e-05,771,1863
-0.70504,-9.3129,-2.7266e-05,-0.71637,-9.299,4.1939e-05,772,1864
-0.095689,-8.2999,0.0001106,0.10496,-8.2993,0.00011096,2062,2063
0.69158,-8.7001,0.00011472,0.29572,-8.3004,0.00011052,1993,2064
-0.10068,-9.4978,-2.9533e-05,-0.30737,-9.3482,-2.8536e-05,724,774
0.30493,-9.5069,-3.051e-05,0.30058,-9.4999,0.00011138,726,1826
1.8961,-9.4984,0.00010365,2.2913,-9.2994,9.8091e-05,1834,1879
-8.49,-9.5005,7.2161e-07,-8.3227,-9.3,1.758e-07,1809,1853
-7.6948,-9.2997,-7.6606e-06,-7.4951,-9.2997,-7.7605e-06,752,753
-8.4914,-9.3352,-1.16e-05,-8.6796,-9.5006,1.3825e-06,748,1808
-8.4914,-9.3352,-1.16e-05,-8.3227,-9.3,1.758e-07,748,1853
-7.8968,-8.9007,-1.0756e-06,-8.1142,-8.1912,-5.0664e-07,832,931
-8.899,-9.0993,-3.067e-05,-8.9013,-8.8995,1.9819e-06,791,1936
-8.7135,-8.1643,1.3328e-06,-8.5067,-8.174,6.2704e-07,2086,2087
-8.906,-8.6995,1.9819e-06,-8.9074,-8.4996,1.9722e-06,1973,2008
-7.0958,-9.2973,-8.1355e-06,-6.6955,-9.098,-8.8837e-06,755,801
-6.1959,-9.0994,-6.1989e-06,-6.1991,-8.961,-6.1989e-06,804,841
-6.2948,-8.8989,-5.8634e-06,-6.1991,-8.961,-6.1989e-06,840,841
-6.6955,-9.098,-8.8837e-06,-6.3075,-9.1126,-7.7063e-06,801,803
-8.899,-8.1584,-3.0958e-05,-8.9152,-8.2998,1.9819e-06,928,2045
-10.508,-9.1013,-3.0948e-05,-10.455,-9.1025,6.4898e-06,783,1885
-8.2321,-8.8994,-1.1921e-07,-8.2321,-8.6845,-1.7881e-07,830,860
-8.2222,-8.4969,-2.3842e-07,-8.096,-8.301,-5.5234e-07,885,911
-7.705,-8.7002,-1.6538e-06,-7.7025,-8.4971,-1.6778e-06,863,888
-2.1051,-8.4999,4.6861e-05,-2.5013,-8.3,4.8215e-05,2014,2050
-2.8648,-7.6645,-9.1262e-06,-2.6999,-8.0999,4.9067e-05,961,2090
-1.9052,-7.8998,-8.6847e-06,-2.1046,-7.9001,4.7833e-05,952,2127
-1.7066,-7.881,-8.6462e-06,-1.9029,-7.8999,4.7293e-05,953,2128
-2.7041,-7.7037,-9.0482e-06,-2.5011,-7.9,4.8865e-05,962,2125
-1.3102,-7.8446,-8.4648e-06,-1.3152,-7.9001,4.5755e-05,955,2131
-1.5083,-7.8629,-8.5874e-06,-1.3141,-7.7004,4.6087e-05,954,2158
-0.70552,-7.6919,-8.2771e-06,-0.71498,-7.6986,4.4512e-05,972,2161
-0.30276,-7.5019,-8.1206e-06,-0.50441,-7.6995,4.393e-05,994,2162
-4.2964,-3.9007,-2.1996e-05,-4.6989,-3.7182,-2.3931e-05,1317,1334
-0.30693,-7.6552,-8.1191e-06,-0.27041,-7.4992,9.1119e-05,974,2190
-0.30693,-7.6552,-8.1191e-06,-0.097711,-7.6997,0.00011082,974,2164
0.097097,-7.5007,-8.0074e-06,-0.097711,-7.6997,0.00011082,996,2164
0.49649,-8.499,0.00010759,0.10312,-8.0997,0.00011136,2027,2104
0.2971,-7.5001,-7.8369e-06,0.1008,-7.4999,0.00011159,997,2192
0.69012,-8.5008,0.00011446,0.88622,-8.6997,0.29921,2028,2634
1.2831,-8.2677,0.0043378,1.2308,-8.3695,0.29461,2069,2639
-5.6976,-6.1037,-4.6212e-06,-5.699,-5.905,-4.3377e-06,1132,1148
2.1217,-8.2841,0.00011803,1.6938,-8.1039,0.00010432,2070,2112
0.88622,-8.6997,0.29921,0.89192,-8.8828,0.49588,2634,2855
2.3034,-7.9012,0.00010234,2.1084,-7.7004,0.00011344,2149,2175
2.3045,-8.1027,0.00010303,2.3034,-7.9012,0.00010234,2115,2149
1.2715,-8.6958,0.89181,1.0528,-8.5947,0.84511,3385,3388
3.0797,-7.0725,0.67819,3.0725,-7.0725,0.95451,3155,3431
1.6957,-7.7004,0.00010216,2.1084,-7.7004,0.00011344,2173,2175
-11.487,-8.0971,9.4175e-06,-11.491,-7.9469,9.4175e-06,2072,2116
-4.6999,-6.508,-5.9718e-06,-4.5003,-6.5055,-5.9483e-06,1105,1106
-11.092,-7.9663,-3.1376e-05,-11.046,-7.9587,0.085974,941,2118
-11.046,-7.9587,0.085974,-10.97,-7.9482,0.29852,2118,2642
-2.904,-7.5038,-9.1243e-06,-2.6993,-7.6999,4.9712e-05,981,2151
-3.265,-7.265,-9.3143e-06,-3.3041,-7.1426,-9.3524e-06,1007,1043
-3.4385,-7.1174,-9.4152e-06,-3.5906,-6.9023,-9.5046e-06,1042,1084
-10.965,-7.9526,1.8973,-10.965,-7.9529,2.0994,4351,4534
-2.78,-2.0113,1.0999,-2.78,-2.0113,1.2996,3657,3844
-4.5003,-6.5055,-5.9483e-06,-4.3001,-6.5029,-5.9175e-06,1106,1107
-3.6656,-6.8651,-9.5229e-06,-3.8879,-6.688,-7.5074e-06,1083,1093
-1.9034,-7.3028,-8.7827e-06,-1.7054,-7.3,4.7748e-05,1014,2210
-3.8879,-6.688,-7.5074e-06,-4.3001,-6.5029,-5.9175e-06,1093,1107
-5.7006,-3.6603,5.9605e-08,-5.8982,-3.5254,2.8478e-07,2297,2313
-3.5711,-5.3057,1.5,-3.5711,-5.3058,1.8997,4022,4402
-1.3014,-7.302,-8.532e-06,-1.3149,-7.2999,4.6719e-05,1017,2212
-3.5194,-7.073,2.8943,-3.5729,-6.9062,2.8834,6515,6561
-1.1027,-7.3024,-8.5171e-06,-1.1062,-7.3008,4.6157e-05,1018,2213
3.0725,-7.0725,0.95451,3.2214,-7.0725,1.1016,3431,3636
-2.3025,-7.3008,2.9501,-2.1038,-7.3008,2.9501,6476,6477
-2.9035,-7.3044,2.95,-2.5025,-7.3035,2.9501,6473,6475
-3.1037,-7.3039,2.95,-2.9035,-7.3044,2.95,6472,6473
-3.1037,-7.3039,2.95,-3.5194,-7.073,2.8943,6472,6515
-3.5728,-6.3047,2.8834,-3.5727,-5.9022,2.8833,6609,6641
-3.5727,-5.9022,2.8833,-3.5727,-5.704,2.8827,6641,6657
-3.5711,-5.3058,2.0996,-3.5711,-5.3023,2.6918,4585,5177
-5.1002,-4.9021,-2.5992e-06,-4.7007,-4.896,-2.5526e-06,1231,1233
-5.699,-5.905,-4.3377e-06,-5.6985,-5.7048,-4.0553e-06,1148,1164
-5.4983,-6.3053,-4.9142e-06,-5.6976,-6.1037,-4.6212e-06,1117,1132
-0.70187,-7.3018,-8.3634e-06,-0.71396,-7.3002,4.5157e-05,1020,2215
-4.9022,-3.6496,1.1921e-07,-4.8987,-3.5136,3.8201e-07,2301,2318
-3.697,-2.3188,2.9755e-06,-3.4938,-2.3139,2.9926e-06,2435,2436
-3.5727,-5.704,2.8827,-3.5728,-5.5077,2.8835,6657,6673
-3.5728,-5.5077,2.8835,-3.573,-5.303,2.8841,6673,6689
-3.573,-5.303,2.8841,-3.5728,-5.106,2.8807,6689,6708
-3.5711,-5.1132,0.67719,-3.62,-4.9828,0.78912,3185,3187
-3.5711,-5.1122,0.50825,-3.5711,-5.1132,0.67719,2921,3185
-5.6985,-5.7048,-4.0553e-06,-5.6985,-5.5062,-3.7631e-06,1164,1180
-0.30221,-7.3004,2.95,0.097914,-7.3019,2.95,6486,6488
-0.88197,-7.3001,2.9501,-0.30221,-7.3004,2.95,6483,6486
-0.10089,-7.3013,-8.0841e-06,-0.27082,-7.2997,9.0878e-05,1023,2217
-0.10089,-7.3013,-8.0841e-06,-0.099884,-7.3,0.00011128,1023,2218
0.098185,-7.3014,-7.8984e-06,-0.099884,-7.3,0.00011128,1024,2218
0.098185,-7.3014,-7.8984e-06,0.10004,-7.3003,0.00011094,1024,2219
1.2949,-7.3005,2.95,1.4929,-7.2954,2.95,6494,6495
0.50106,-7.3008,2.95,0.6995,-7.3017,2.95,6490,6491
0.097914,-7.3019,2.95,0.50106,-7.3008,2.95,6488,6490
0.31394,-7.2851,-3.565e-06,0.2916,-7.2991,0.00011058,1025,2220
0.49095,-7.308,-2.7242e-06,0.50795,-7.2921,9.7235e-05,1026,2221
0.7024,-7.2982,5.1174e-05,0.89324,-7.3004,5.0256e-05,2222,2223
0.6995,-7.3017,2.95,1.101,-7.3011,2.95,6491,6493
0.68094,-7.3152,-6.2081e-06,0.50795,-7.2921,9.7235e-05,1027,2221
2.9045,-7.0725,2.703,2.4919,-7.0983,2.9049,5158,6545
2.096,-7.278,2.9501,2.4919,-7.0983,2.9049,6498,6545
0.89937,-7.3032,-7.6581e-06,1.0943,-7.3015,5.1061e-05,1028,2224
3.0748,-7.0725,1.7004,3.0748,-7.0725,1.901,4200,4390
3.0748,-7.0725,1.901,3.0746,-7.0725,2.0994,4390,4573
3.0748,-7.0725,2.4985,3.0748,-7.0725,2.7033,4966,5159
1.1022,-7.2992,-7.5926e-06,1.2962,-7.2999,5.3389e-05,1029,2225
1.2996,-7.2983,-7.4817e-06,1.2962,-7.2999,5.3389e-05,1030,2225
3.2214,-7.0725,1.1016,3.2214,-7.0725,1.3014,3636,3824
3.2214,-7.0725,1.3014,3.0748,-7.0725,1.7004,3824,4200
3.0746,-7.0725,2.0994,3.0748,-7.0725,2.4985,4573,4966
1.2996,-7.2983,-7.4817e-06,1.4976,-7.2943,-7.4161e-06,1030,1031
1.4976,-7.2943,-7.4161e-06,1.4983,-7.2928,5.4079e-05,1031,2226
1.8921,-7.2583,-7.3711e-06,1.8979,-7.2832,7.1983e-05,1033,2228
2.6958,-7.1262,-6.9737e-06,2.4942,-7.3013,0.00010828,1073,2231
3.2214,-7.0725,0.30244,3.2214,-7.0725,0.50223,2682,2901
3.2214,-7.0725,0.50223,3.0797,-7.0725,0.67819,2901,3155
1.6912,-7.2814,-7.3635e-06,1.6946,-7.2849,5.5605e-05,1032,2227
-8.2982,-1.6894,2.95,-8.1014,-1.6847,2.95,7116,7117
2.8934,-7.1147,-6.8784e-06,3.0624,-7.094,-6.8545e-06,1074,1075
3.0624,-7.094,-6.8545e-06,3.2214,-7.0725,0.30244,1075,2682
2.1084,-7.5012,0.00011318,2.2978,-7.2883,8.9586e-05,2202,2230
2.3023,-7.6999,0.00010126,2.3029,-7.5,0.00010142,2176,2203
2.3023,-7.6999,0.00010126,1.9039,-7.5004,0.00010537,2176,2201
1.2703,-7.4156,-7.4704e-06,1.503,-7.5004,0.00010648,1002,2199
1.2952,-7.4967,0.00010556,1.503,-7.5004,0.00010648,2198,2199
-4.3003,-6.1077,-5.0808e-06,-4.2997,-5.9066,-4.6652e-06,1139,1155
-4.2997,-5.9066,-4.6652e-06,-4.3002,-5.7096,-4.2526e-06,1155,1171
-4.3003,-6.1077,-5.0808e-06,-4.3002,-5.7096,-4.2526e-06,1139,1171
-8.1325,-3.8982,-5.3634e-05,-8.3005,-3.4973,-5.5943e-05,1305,1344
-8.3005,-3.4973,-5.5943e-05,-8.2952,-3.2963,-5.5109e-05,1344,1366
-8.5,-3.701,-5.6062e-05,-8.6945,-3.499,-5.7762e-05,1323,1342
-8.2952,-3.2963,-5.5109e-05,-8.2829,-3.0949,-4.2886e-05,1366,1388
-8.6945,-3.499,-5.7762e-05,-8.8951,-3.2957,-5.9452e-05,1342,1363
-8.2998,-2.9024,-3.7943e-05,-8.2979,-2.7012,-3.9112e-05,1411,1433
-8.8121,-2.7875,-6.1274e-05,-8.7009,-2.3019,-2.3329e-05,1430,1474
-8.8951,-3.2957,-5.9452e-05,-9.001,-2.9878,-6.1274e-05,1363,1407
-8.5005,-2.0961,-2.3521e-05,-8.2945,-2.0986,-2.7189e-05,1498,1499
-8.3019,-1.6976,-2.3284e-05,-8.1612,-1.6999,-2.3828e-05,1547,1548
-8.5005,-2.0961,-2.3521e-05,-8.8989,-1.9112,-2.1669e-05,1498,1522
-8.7009,-2.3019,-2.3329e-05,-8.9004,-2.1028,-2.2142e-05,1474,1496
-8.8989,-1.9112,-2.1669e-05,-9.0971,-1.5503,-2.0099e-05,1522,1565
-9.212,-1.842,-2.0266e-05,-9.2643,-1.695,-1.9848e-05,1520,1542
-8.9004,-2.1028,-2.2142e-05,-9.212,-1.842,-2.0266e-05,1496,1520
-5.8994,-4.1045,-1.653e-05,-5.9066,-3.8954,-2.0091e-05,1290,1309
-5.7006,-3.6603,5.9605e-08,-5.502,-3.5201,3.6425e-07,2297,2315
-5.9066,-3.8954,-2.0091e-05,-5.9018,-3.663,5.9605e-08,1309,2296
-5.5082,-3.9078,-1.829e-05,-5.1001,-3.7042,-2.4344e-05,1311,1332
-3.501,-4.1044,-1.8815e-05,-3.6956,-3.8981,-2.1741e-05,1302,1320
-3.3636,-4.0903,-1.9947e-05,-3.3125,-3.694,-1.5279e-05,1303,1341
-3.3125,-3.694,-1.5279e-05,-3.3038,-3.6599,1.6535e-07,1341,2309
-3.3069,-3.5014,-1.4159e-05,-3.5006,-3.6636,1.4901e-07,1361,2308
-4.3005,-3.7105,-2.6595e-05,-4.3,-3.504,4.424e-07,1336,2321
-4.0874,-3.6921,6.8775e-08,-4.3,-3.504,4.424e-07,2305,2321
-4.4942,-3.6482,1.6764e-07,-4.7007,-3.5093,3.9736e-07,2303,2319
-3.1926,-3.5013,-2.0087e-05,-3.1778,-3.4677,6.1989e-07,1362,2327
-3.1926,-3.5013,-2.0087e-05,-3.3005,-3.4921,5.1612e-07,1362,2326
-4.9005,-2.4872,-3.1141e-05,-4.9002,-2.5442,2.4557e-06,1463,2410
-4.9002,-2.5442,2.4557e-06,-4.8986,-2.3349,2.8563e-06,2410,2429
-3.6979,-2.0917,3.4645e-06,-3.702,-1.9123,3.8743e-06,2454,2474
-3.697,-2.3188,2.9755e-06,-3.6979,-2.0917,3.4645e-06,2435,2454
-3.7044,-1.9095,-3.1841e-05,-3.6973,-1.7211,4.2021e-06,1540,2490
-3.7044,-1.9095,-3.1841e-05,-3.702,-1.9123,3.8743e-06,1540,2474
-3.5795,-1.5078,0.090219,-3.5709,-1.5085,0.66269,2507,3215
-3.6987,-1.5133,-3.2247e-05,-3.5795,-1.5078,0.090219,1580,2507
-2.7874,-2.0393,-3.1551e-05,-2.9392,-2.2957,1.9308e-06,1519,2439
-2.7874,-2.0393,-3.1551e-05,-2.7818,-2.0187,0.09844,1519,2459
-2.7818,-2.0187,0.09844,-2.78,-2.0113,0.30086,2459,2721
-2.78,-2.0113,0.30086,-2.78,-2.0113,0.50061,2721,2941
-2.9204,-2.0164,0.69031,-2.78,-2.0113,1.0999,3206,3657
-11.601,-7.9479,1.8353,-11.584,-7.9427,1.912,4348,4349
-3.5709,-1.5085,0.66269,-3.6152,-1.3874,0.92106,3215,3476
-3.6953,-1.7141,-3.2083e-05,-3.7017,-1.5198,4.7359e-06,1563,2506
-3.6987,-1.5133,-3.2247e-05,-3.7017,-1.5198,4.7359e-06,1580,2506
-3.6152,-1.3874,0.92106,-3.5708,-1.5031,1.0993,3476,3663
-3.5709,-1.7091,1.3028,-3.5709,-1.7091,1.5033,3848,4034
-3.5708,-1.5031,1.0993,-3.5709,-1.7091,1.3028,3663,3848
-2.78,-2.0113,1.6991,-2.78,-2.0113,1.8988,4220,4410
-2.78,-2.0113,1.8988,-2.78,-2.0113,2.0986,4410,4593
-2.78,-2.0113,2.0986,-2.78,-2.0113,2.2983,4593,4796
-3.5709,-1.7091,1.5033,-3.5709,-1.711,1.8974,4034,4414
-2.78,-2.0113,2.2983,-2.7801,-2.0113,2.5025,4796,4987
-3.5709,-1.7091,2.1,-3.5709,-1.7091,2.3005,4597,4800
-3.5728,-1.7106,2.8866,-3.7002,-1.519,2.95,7138,7146
-3.5709,-1.7091,2.3005,-3.5709,-1.7091,2.501,4800,4991
-8.9021,-1.7077,-2.1192e-05,-8.6989,-1.7043,-2.1891e-05,1544,1545
-8.6989,-1.7043,-2.1891e-05,-8.5004,-1.701,-2.2587e-05,1545,1546
-8.6997,-1.9095,-2.2395e-05,-8.2989,-1.9011,-2.3793e-05,1523,1525
-8.2989,-1.9011,-2.3793e-05,-8.1612,-1.6999,-2.3828e-05,1525,1548
-2.9935,-2.8507,1.9073e-06,-2.9806,-2.6814,1.5877e-06,2382,2401
-2.9935,-2.8507,1.9073e-06,-3.2732,-2.687,1.2124e-06,2382,2399
-11.614,-7.9469,1.3688,-11.61,-7.9472,1.5022,3782,3968
-11.588,-7.9382,1.2999,-11.583,-7.9386,1.5003,3783,3969
-11.61,-7.9472,1.5022,-11.583,-7.9386,1.5003,3968,3969
-11.041,-7.9634,1.7006,-10.965,-7.9526,1.8973,4161,4351
-11.032,-7.9591,1.3175,-11.374,-7.9468,1.5014,3784,3970
-11.023,-7.9648,2.0961,-11.021,-7.9649,2.2273,4533,4736
-11.584,-7.9427,1.912,-11.023,-7.9648,2.0961,4349,4533
-10.965,-7.9529,2.0994,-10.964,-7.9532,2.288,4534,4737
-11.604,-7.9476,1.7021,-11.579,-7.939,1.7005,4158,4159
-11.604,-7.9476,1.7021,-11.601,-7.9479,1.8353,4158,4348
-0.063661,-12.096,1.8998,-0.063661,-12.095,2.1005,4266,4455
-0.063661,-12.096,1.8998,-0.063668,-12.094,2.2848,4266,4637
-0.063603,-12.305,2.5004,-0.082749,-12.097,2.8966,4837,5546
-0.063668,-12.094,2.2848,-0.063679,-12.096,2.4998,4637,4840
-0.063679,-12.096,2.4998,-0.082749,-12.097,2.8966,4840,5546
-7.8247,-4.628,2.95,-8.0161,-4.4233,2.95,6727,6747
-8.2989,-3.9027,2.95,-8.4948,-3.7027,2.95,6815,6838
-8.2664,-4.0758,2.95,-8.2989,-3.9027,2.95,6791,6815
-8.2094,-4.2076,2.95,-8.2664,-4.0758,2.95,6768,6791
-7.1891,-3.9062,2.95,-7.1906,-3.7102,2.95,6821,6845
-7.1906,-3.7102,2.95,-7.1883,-3.5151,2.95,6845,6872
-7.1878,-3.2921,2.95,-7.1882,-3.1051,2.95,6900,6928
-7.1882,-3.1051,2.95,-7.1881,-2.8834,2.95,6928,6955
-7.1881,-2.8834,2.95,-7.1894,-2.6796,2.95,6955,6982
-7.1894,-2.6796,2.95,-7.1909,-2.4912,2.95,6982,7009
-7.1909,-2.4912,2.95,-7.1888,-2.3011,2.95,7009,7037
-8.673,-2.704,2.95,-8.7043,-2.2867,2.95,6974,7029
-8.8968,-3.1074,2.95,-8.8819,-2.9228,2.95,6919,6946
-8.8819,-2.9228,2.95,-8.673,-2.704,2.95,6946,6974
-8.7043,-2.2867,2.95,-8.8935,-2.1001,2.95,7029,7054
-7.1888,-2.3011,2.95,-7.1855,-2.11,2.95,7037,7063
-8.8935,-2.1001,2.95,-9.2028,-1.8212,2.95,7054,7083
-7.1855,-2.11,2.95,-7.1902,-1.8954,2.95,7063,7094
-7.8891,-1.6929,2.95,-7.4423,-1.3586,2.95,7118,7147
-8.6983,-1.6928,2.95,-9.0991,-1.5404,2.95,7114,7139
-9.2555,-1.6809,2.95,-9.0991,-1.5404,2.95,7111,7139
-7.1874,-1.4993,2.95,-7.1846,-1.3186,2.95,7142,7149
